filename,Red,Green,Blue,Hue,Saturation,Value,Y,Cr,Cb,L,A,B,Hair_Red,Hair_Green,Hair_Blue
img52_jpg.rf.b2ce7d41cea6fc578934edec7ed270f3.jpg,243.0,221.0,204.0,15.0,42.0,243.0,226.0,140.0,116.0,228.0,133.0,139.0,145.0,118.0,104.0
winter29.jpg,209.0,178.0,163.0,10.0,59.0,209.0,185.0,145.0,115.0,190.0,137.0,140.0,33.0,26.0,23.0
img100_jpg.rf.3930d3f60f0b06d6b12848ae04710ebd.jpg,180.0,135.0,113.0,11.0,100.0,180.0,146.0,152.0,109.0,153.0,142.0,147.0,36.0,22.0,20.0
fall7.jpg,215.0,171.0,151.0,10.0,77.0,215.0,182.0,151.0,111.0,187.0,141.0,144.0,43.0,38.0,37.0
img38_jpg.rf.7092ef5f1206f0f6a5ca39f70438f05e.jpg,205.0,174.0,160.0,10.0,58.0,205.0,181.0,145.0,116.0,186.0,137.0,140.0,83.0,67.0,61.0
img58_jpg.rf.da4b80d19e82af3729212af3cffb6f45.jpg,130.0,92.0,68.0,12.0,130.0,130.0,100.0,149.0,109.0,107.0,140.0,148.0,34.0,28.0,22.0
img43_jpg.rf.102ad6ecfa12ef016088521185717e2c.jpg,178.0,141.0,135.0,36.0,64.0,178.0,151.0,147.0,119.0,157.0,141.0,136.0,61.0,36.0,50.0
img22_jpg.rf.61139d78421d845cec3711fd6228b4f2.jpg,231.0,209.0,197.0,14.0,39.0,231.0,214.0,140.0,118.0,217.0,134.0,137.0,78.0,74.0,83.0
img24_jpg.rf.89cf7bd579ab0321fb37231d33360672.jpg,240.0,228.0,230.0,127.0,14.0,240.0,232.0,134.0,127.0,233.0,133.0,128.0,83.0,83.0,85.0
winter22.jpg,189.0,140.0,118.0,10.0,98.0,189.0,153.0,154.0,109.0,159.0,144.0,147.0,74.0,60.0,54.0
img21_jpg.rf.3c0282a2d5fd3bc531fa115fc7e88b5e.jpg,225.0,194.0,195.0,109.0,37.0,225.0,203.0,144.0,124.0,206.0,139.0,131.0,65.0,63.0,67.0
winter45.jpg,218.0,171.0,150.0,9.0,81.0,218.0,182.0,153.0,110.0,187.0,142.0,145.0,69.0,57.0,54.0
winter27.jpg,196.0,156.0,153.0,48.0,62.0,196.0,167.0,148.0,120.0,172.0,143.0,135.0,25.0,25.0,33.0
img38_jpg.rf.2dd32144e30bb6f448ebb3ad3fa7fb9a.jpg,229.0,201.0,201.0,63.0,38.0,229.0,209.0,142.0,123.0,212.0,138.0,132.0,108.0,96.0,116.0
winter26.jpg,206.0,154.0,146.0,12.0,77.0,206.0,169.0,155.0,115.0,174.0,147.0,140.0,25.0,22.0,23.0
fall36.jpg,201.0,162.0,148.0,11.0,69.0,201.0,172.0,149.0,114.0,178.0,140.0,141.0,92.0,65.0,52.0
img7_jpg.rf.a290e90fe63809329bda6723beb06d5c.jpg,241.0,210.0,185.0,15.0,61.0,241.0,216.0,146.0,110.0,219.0,135.0,145.0,106.0,92.0,87.0
fall48.jpg,141.0,118.0,112.0,10.0,54.0,141.0,124.0,140.0,121.0,131.0,136.0,135.0,52.0,49.0,50.0
fall25.jpg,214.0,179.0,158.0,11.0,69.0,214.0,187.0,147.0,112.0,192.0,138.0,143.0,74.0,54.0,40.0
img32_jpg.rf.4fb8d1863cd4f2ad210152a8f5e135d4.jpg,211.0,171.0,155.0,9.0,73.0,211.0,181.0,149.0,113.0,186.0,141.0,142.0,42.0,30.0,29.0
img89_jpg.rf.557f789ee59488677b40d22b4a84fd12.jpg,248.0,239.0,218.0,25.0,32.0,248.0,239.0,134.0,116.0,241.0,128.0,139.0,124.0,93.0,78.0
img15_jpg.rf.053e48dbda462fb9c7b83add719f494e.jpg,205.0,176.0,132.0,18.0,93.0,205.0,180.0,146.0,101.0,187.0,132.0,155.0,213.0,203.0,155.0
img30_jpg.rf.2664483fc356f8cf450ae8ace8a435e2.jpg,178.0,131.0,120.0,10.0,87.0,178.0,144.0,152.0,114.0,150.0,145.0,141.0,23.0,15.0,16.0
img6_jpg.rf.020b63c3751ab23008e7f9cc6dd81b4b.jpg,225.0,201.0,189.0,10.0,42.0,225.0,207.0,141.0,118.0,210.0,135.0,137.0,73.0,68.0,69.0
img51_jpg.rf.db9945ebc1a12dfbfa95d1d7a09d2469.jpg,240.0,223.0,213.0,15.0,30.0,240.0,227.0,137.0,120.0,229.0,133.0,135.0,97.0,80.0,76.0
img52_jpg.rf.e17987a1ea0af1efc176a569ac01347a.jpg,201.0,165.0,148.0,10.0,69.0,201.0,174.0,147.0,113.0,180.0,139.0,142.0,89.0,62.0,48.0
spring46.jpg,189.0,162.0,152.0,8.0,52.0,189.0,169.0,142.0,118.0,175.0,136.0,137.0,97.0,80.0,71.0
img18_jpg.rf.e2b756f12f15ae73d099ee70d38946b9.jpg,250.0,243.0,241.0,25.0,11.0,251.0,245.0,132.0,126.0,246.0,130.0,130.0,143.0,109.0,105.0
img17_jpg.rf.10cd1bb38b2aa4f34530b9faf04a212b.jpg,211.0,178.0,165.0,23.0,58.0,211.0,187.0,145.0,116.0,192.0,138.0,139.0,120.0,94.0,77.0
img88_jpg.rf.e376de992546fbfc382cff1866fc3f51.jpg,215.0,152.0,109.0,12.0,128.0,215.0,166.0,163.0,96.0,173.0,147.0,160.0,87.0,42.0,34.0
spring11.jpg,210.0,173.0,162.0,8.0,61.0,210.0,183.0,147.0,116.0,188.0,140.0,139.0,37.0,31.0,34.0
img89_jpg.rf.6c63398805b6f83bf1328911daae4370.jpg,217.0,200.0,199.0,52.0,23.0,217.0,205.0,137.0,125.0,209.0,134.0,130.0,107.0,85.0,83.0
img28_jpg.rf.e30edf01b37722b786336bedf572d2fd.jpg,181.0,133.0,118.0,7.0,93.0,181.0,146.0,153.0,113.0,152.0,145.0,143.0,40.0,13.0,11.0
img3_jpg.rf.0a27fbb0b3e2059e2e73ed13ee06f639.jpg,202.0,170.0,153.0,11.0,64.0,202.0,178.0,145.0,114.0,183.0,137.0,141.0,67.0,51.0,49.0
img53_jpg.rf.fe78516d9786f5214e774f95fdb6a718.jpg,165.0,134.0,132.0,47.0,57.0,165.0,143.0,144.0,122.0,149.0,140.0,134.0,87.0,58.0,60.0
img14_jpg.rf.4fd40240a28da88dfc99ece8b8eb8f4b.jpg,167.0,135.0,126.0,14.0,73.0,167.0,143.0,145.0,118.0,150.0,139.0,138.0,37.0,10.0,13.0
img85_jpg.rf.e947d05babfd3bb1929f8ba8cc0b10bc.jpg,229.0,192.0,200.0,162.0,44.0,229.0,204.0,146.0,126.0,206.0,143.0,129.0,89.0,52.0,65.0
img38_jpg.rf.021186873ee9331d81017cefa26038f6.jpg,196.0,165.0,165.0,61.0,50.0,197.0,175.0,144.0,123.0,179.0,140.0,132.0,71.0,59.0,80.0
img21_jpg.rf.3f879a5d8b3fd4b333b5b007a6b21d46.jpg,142.0,110.0,112.0,110.0,63.0,142.0,120.0,144.0,123.0,126.0,141.0,132.0,20.0,18.0,18.0
img58_jpg.rf.c32dfb656486f8c367274816c41bb6b3.jpg,123.0,85.0,60.0,12.0,139.0,123.0,93.0,149.0,109.0,100.0,141.0,149.0,33.0,27.0,20.0
img31_jpg.rf.1174830140b4eca06da3be1a9b1fb76b.jpg,203.0,152.0,127.0,10.0,97.0,203.0,165.0,156.0,107.0,171.0,144.0,149.0,58.0,40.0,30.0
img57_jpg.rf.34dd716b0b0604ea872e7aab551237f3.jpg,182.0,153.0,145.0,8.0,55.0,182.0,161.0,143.0,119.0,166.0,137.0,136.0,23.0,18.0,18.0
img59_jpg.rf.f11c95b2f0e0b2f2a52e12991773c1e0.jpg,251.0,234.0,230.0,42.0,23.0,252.0,239.0,137.0,123.0,240.0,133.0,132.0,156.0,132.0,146.0
winter30.jpg,195.0,154.0,139.0,13.0,78.0,195.0,165.0,150.0,114.0,170.0,141.0,142.0,24.0,21.0,22.0
fall15.jpg,209.0,167.0,147.0,10.0,77.0,209.0,177.0,151.0,111.0,183.0,141.0,144.0,89.0,78.0,76.0
img4_jpg.rf.bea85da0d8f72b0ce325a99b58dbc4bb.jpg,228.0,202.0,192.0,11.0,42.0,228.0,208.0,142.0,119.0,212.0,136.0,136.0,93.0,83.0,80.0
spring10.jpg,218.0,170.0,148.0,9.0,84.0,218.0,182.0,154.0,109.0,187.0,143.0,146.0,61.0,47.0,43.0
img16_jpg.rf.77956e0c1614a768a6490797e58af7bb.jpg,188.0,158.0,122.0,16.0,92.0,188.0,163.0,146.0,105.0,170.0,134.0,151.0,36.0,29.0,22.0
img44_jpg.rf.5b53e7d66d4befed6127449a40152fcc.jpg,246.0,230.0,228.0,75.0,22.0,246.0,234.0,136.0,124.0,236.0,134.0,131.0,192.0,165.0,153.0
spring25.jpg,205.0,173.0,163.0,11.0,53.0,205.0,181.0,145.0,118.0,187.0,138.0,138.0,59.0,57.0,61.0
img26_jpg.rf.9a2fd45c76e1f9065a2ae9d35456f244.jpg,242.0,218.0,208.0,31.0,39.0,242.0,224.0,141.0,119.0,226.0,135.0,136.0,79.0,64.0,74.0
winter19.jpg,203.0,160.0,145.0,8.0,75.0,203.0,171.0,151.0,113.0,176.0,142.0,142.0,27.0,25.0,23.0
img42_jpg.rf.dc0292bc32eeef2b5139a1fe96decfaa.jpg,191.0,144.0,166.0,153.0,67.0,193.0,160.0,150.0,131.0,167.0,148.0,125.0,53.0,29.0,47.0
img10_jpg.rf.fc05d4c57a4ed29821deaa49f5483744.jpg,143.0,112.0,103.0,29.0,82.0,143.0,120.0,144.0,118.0,127.0,139.0,138.0,49.0,32.0,29.0
summer33.jpg,191.0,166.0,151.0,11.0,55.0,191.0,172.0,142.0,116.0,178.0,135.0,139.0,33.0,31.0,32.0
img103_jpg.rf.f52d48a4f0f9f59534fc9e7f2bee257a.jpg,146.0,106.0,92.0,8.0,98.0,146.0,116.0,149.0,114.0,123.0,142.0,142.0,23.0,11.0,9.0
img90_jpg.rf.d38abfe6993ae4267d8526f6329320aa.jpg,226.0,172.0,136.0,12.0,105.0,226.0,184.0,158.0,101.0,190.0,143.0,155.0,108.0,56.0,30.0
spring5.jpg,227.0,167.0,128.0,12.0,115.0,227.0,181.0,161.0,98.0,187.0,146.0,157.0,73.0,49.0,39.0
img34_jpg.rf.9efae9f19c0241c13cbae050daa1541a.jpg,218.0,170.0,143.0,11.0,91.0,218.0,181.0,154.0,106.0,187.0,142.0,149.0,105.0,70.0,61.0
img15_jpg.rf.48964bd10cf2c1953de3246b555e312e.jpg,236.0,207.0,162.0,18.0,80.0,236.0,210.0,146.0,101.0,216.0,132.0,154.0,243.0,234.0,186.0
img41_jpg.rf.870c90ad1fb1ae0f147c1e6d41d5d06b.jpg,241.0,232.0,224.0,18.0,19.0,241.0,234.0,133.0,122.0,236.0,129.0,133.0,108.0,96.0,91.0
img36_jpg.rf.386a6d193dad781450ffa117d5e9e8c3.jpg,143.0,111.0,105.0,7.0,74.0,143.0,120.0,145.0,120.0,126.0,140.0,136.0,34.0,21.0,19.0
img24_jpg.rf.a512083b206a9eeaf6d961c706cf2de1.jpg,212.0,195.0,198.0,149.0,22.0,212.0,200.0,136.0,127.0,204.0,135.0,128.0,50.0,49.0,52.0
img24_jpg.rf.82a55637f9b2aced293a05771d6407dd.jpg,132.0,93.0,76.0,9.0,115.0,132.0,103.0,149.0,113.0,110.0,142.0,144.0,31.0,14.0,8.0
img28_jpg.rf.2254a660d5dde5bd33f41c646d60b0cf.jpg,147.0,111.0,86.0,13.0,112.0,147.0,119.0,148.0,110.0,126.0,139.0,147.0,24.0,14.0,7.0
img32_jpg.rf.1445f87a2a3c55cb32f8b8a6fa997908.jpg,107.0,71.0,45.0,13.0,160.0,107.0,79.0,148.0,109.0,85.0,140.0,149.0,23.0,7.0,4.0
img103_jpg.rf.62fa34bb511d7c64685531bd81d87e21.jpg,122.0,82.0,68.0,8.0,120.0,122.0,92.0,149.0,114.0,98.0,143.0,143.0,15.0,5.0,4.0
img12_jpg.rf.5370d7c81072735fa42dd59f4d88ad4c.jpg,167.0,134.0,128.0,15.0,66.0,167.0,143.0,145.0,119.0,149.0,140.0,136.0,51.0,33.0,33.0
summer43.jpg,204.0,150.0,136.0,7.0,86.0,204.0,165.0,156.0,112.0,170.0,146.0,143.0,42.0,32.0,31.0
img3_jpg.rf.ff3d5cd0516de9d062a20aaba51055b6.jpg,244.0,215.0,194.0,14.0,53.0,244.0,221.0,144.0,113.0,224.0,135.0,142.0,115.0,98.0,93.0
img90_jpg.rf.504681d377f70f57e6a42c32c58bcaa4.jpg,200.0,146.0,110.0,12.0,120.0,200.0,158.0,158.0,101.0,166.0,144.0,155.0,87.0,34.0,12.0
img93_jpg.rf.22046ed5f922d2e9a1ba9e7d36ab8b83.jpg,161.0,136.0,122.0,13.0,64.0,161.0,142.0,142.0,117.0,149.0,136.0,139.0,74.0,73.0,86.0
img38_jpg.rf.bb9fe53d3d4d994b31f21717127a8c03.jpg,212.0,181.0,167.0,10.0,56.0,212.0,189.0,145.0,116.0,194.0,137.0,139.0,91.0,75.0,69.0
img35_jpg.rf.7f33b87cec6f75b28612455bd037b83c.jpg,218.0,173.0,156.0,9.0,79.0,218.0,184.0,152.0,112.0,188.0,142.0,144.0,55.0,31.0,25.0
img89_jpg.rf.c42aac5704aa137c54d86b3a88f5470d.jpg,103.0,72.0,93.0,151.0,84.0,105.0,84.0,141.0,133.0,88.0,145.0,121.0,15.0,9.0,15.0
img6_jpg.rf.caaec72cee85f893f5ee473ba1242c79.jpg,215.0,192.0,194.0,100.0,31.0,216.0,199.0,139.0,125.0,203.0,137.0,130.0,82.0,65.0,71.0
spring17.jpg,217.0,174.0,158.0,8.0,71.0,217.0,185.0,151.0,113.0,190.0,141.0,142.0,75.0,58.0,54.0
img6_jpg.rf.4313dd692a69e3946dbac96de3a077f8.jpg,138.0,112.0,100.0,10.0,76.0,138.0,119.0,142.0,118.0,125.0,137.0,138.0,13.0,8.0,9.0
img88_jpg.rf.974cadbf1b58fd143ea49a0fe556c459.jpg,141.0,97.0,84.0,8.0,112.0,141.0,109.0,151.0,114.0,115.0,144.0,143.0,22.0,6.0,5.0
img104_jpg.rf.5fb3a1d02a01efca796a095f125649b3.jpg,227.0,188.0,154.0,14.0,82.0,227.0,196.0,150.0,104.0,201.0,137.0,150.0,82.0,78.0,74.0
img13_jpg.rf.0e2e2ae16277984ec86c1887ae89d2a2.jpg,162.0,136.0,154.0,160.0,49.0,163.0,146.0,140.0,132.0,151.0,141.0,122.0,15.0,16.0,45.0
img31_jpg.rf.20170cea7049528e089a6fab07a4e52e.jpg,146.0,95.0,70.0,10.0,138.0,146.0,108.0,156.0,107.0,115.0,146.0,151.0,23.0,7.0,4.0
spring39.jpg,185.0,165.0,154.0,11.0,46.0,185.0,170.0,139.0,119.0,175.0,133.0,136.0,40.0,39.0,38.0
img32_jpg.rf.54b3fd24eda29d9e29b52a6c480775bc.jpg,203.0,168.0,142.0,13.0,79.0,203.0,175.0,148.0,109.0,181.0,137.0,146.0,89.0,70.0,67.0
img59_jpg.rf.d1c9d8807cfb2ec259170c0518d77896.jpg,238.0,207.0,200.0,15.0,41.0,238.0,216.0,144.0,119.0,218.0,137.0,136.0,146.0,126.0,117.0
img42_jpg.rf.0e0fde3a7a0cf2d02d09b46070c81425.jpg,215.0,169.0,192.0,153.0,58.0,217.0,185.0,149.0,132.0,190.0,148.0,124.0,78.0,55.0,72.0
img18_jpg.rf.26aa800bfacbaa59ff6125a6b539ff96.jpg,225.0,193.0,188.0,19.0,45.0,225.0,202.0,144.0,120.0,206.0,139.0,135.0,103.0,46.0,34.0
img87_jpg.rf.87e3a9207dd5eb019832487cf74836b3.jpg,116.0,84.0,66.0,11.0,126.0,116.0,91.0,145.0,114.0,97.0,139.0,144.0,17.0,9.0,4.0
img32_jpg.rf.ee7b9d17736b33e95388cc23c6b86c90.jpg,131.0,112.0,103.0,11.0,64.0,131.0,116.0,139.0,120.0,123.0,134.0,136.0,23.0,14.0,10.0
summer30.jpg,161.0,133.0,132.0,70.0,56.0,163.0,142.0,142.0,123.0,148.0,139.0,133.0,8.0,37.0,46.0
img38_jpg.rf.43836a4c4e1c8162c6e111dd5ed4141d.jpg,183.0,164.0,156.0,10.0,42.0,183.0,169.0,139.0,121.0,175.0,134.0,135.0,42.0,30.0,24.0
img98_jpg.rf.0c091dc4653003ab50a516ce6af627fe.jpg,243.0,232.0,224.0,16.0,20.0,243.0,234.0,134.0,122.0,236.0,131.0,133.0,123.0,120.0,121.0
img12_jpg.rf.ab1aa69d073efc63a87621c2af001391.jpg,221.0,181.0,162.0,10.0,69.0,221.0,191.0,149.0,111.0,196.0,139.0,143.0,117.0,99.0,90.0
img54_jpg.rf.348396e8fc656d3c13175845ea6b17f0.jpg,246.0,218.0,186.0,18.0,64.0,246.0,223.0,145.0,107.0,226.0,133.0,148.0,106.0,88.0,79.0
img1_jpg.rf.e3d48fd4b0c371068c5667df95e0336f.jpg,232.0,208.0,203.0,50.0,34.0,232.0,214.0,140.0,121.0,217.0,136.0,134.0,52.0,51.0,50.0
fall35.jpg,212.0,168.0,150.0,9.0,77.0,212.0,179.0,152.0,112.0,184.0,142.0,144.0,86.0,59.0,48.0
spring34.jpg,196.0,158.0,138.0,11.0,77.0,196.0,167.0,149.0,111.0,173.0,139.0,144.0,58.0,51.0,47.0
img88_jpg.rf.c79c6c0e41980786b6abf9886fe99514.jpg,182.0,118.0,76.0,12.0,152.0,182.0,132.0,163.0,96.0,142.0,149.0,162.0,60.0,15.0,7.0
img101_jpg.rf.5e547576a7d5f7d89c8458e2486ad922.jpg,174.0,123.0,90.0,14.0,126.0,174.0,135.0,156.0,103.0,143.0,144.0,154.0,44.0,19.0,11.0
img104_jpg.rf.d7c41eb808af78ae9c572da813017c10.jpg,208.0,168.0,134.0,14.0,91.0,208.0,176.0,151.0,104.0,182.0,138.0,151.0,62.0,59.0,55.0
spring41.jpg,208.0,176.0,163.0,10.0,57.0,208.0,184.0,145.0,116.0,189.0,138.0,139.0,47.0,44.0,45.0
summer40.jpg,206.0,168.0,155.0,8.0,65.0,206.0,178.0,148.0,115.0,183.0,140.0,140.0,62.0,57.0,58.0
winter47.jpg,215.0,172.0,161.0,8.0,65.0,215.0,184.0,150.0,115.0,188.0,142.0,140.0,83.0,71.0,72.0
img51_jpg.rf.13fb01226f726c2ea2c5562b3538e9e5.jpg,210.0,160.0,128.0,12.0,101.0,210.0,172.0,155.0,103.0,178.0,142.0,152.0,105.0,81.0,71.0
winter28.jpg,177.0,147.0,125.0,13.0,77.0,177.0,154.0,145.0,112.0,161.0,136.0,144.0,37.0,33.0,29.0
spring24.jpg,210.0,161.0,136.0,11.0,91.0,210.0,173.0,154.0,107.0,179.0,143.0,148.0,55.0,42.0,42.0
img24_jpg.rf.9e35ec5b241373e7f046d88f8f9a6d5d.jpg,162.0,131.0,130.0,83.0,63.0,162.0,140.0,144.0,122.0,146.0,140.0,133.0,66.0,38.0,38.0
img3_jpg.rf.61661976dc322966d7a3cb48d11d8b2f.jpg,225.0,195.0,179.0,13.0,55.0,225.0,202.0,144.0,115.0,206.0,136.0,140.0,92.0,77.0,75.0
img54_jpg.rf.319744f8b4bfba964ace5eec6d1ee2dd.jpg,237.0,192.0,160.0,13.0,84.0,237.0,202.0,153.0,104.0,206.0,139.0,151.0,81.0,62.0,54.0
img52_jpg.rf.944ed2b7728d5166fe7ff53463859ea7.jpg,148.0,104.0,89.0,9.0,116.0,148.0,115.0,151.0,113.0,122.0,144.0,144.0,21.0,11.0,13.0
img89_jpg.rf.b33c3e798ebd32c62582e7575acf6af2.jpg,214.0,187.0,207.0,148.0,35.0,216.0,197.0,140.0,133.0,200.0,141.0,122.0,122.0,114.0,111.0
img31_jpg.rf.802ab1c1de017cf251c5b46de52d1787.jpg,151.0,100.0,75.0,10.0,133.0,151.0,112.0,156.0,107.0,120.0,146.0,151.0,25.0,8.0,4.0
img59_jpg.rf.a7f673d75c79b4cf5263ccbe2d5d144b.jpg,198.0,167.0,159.0,15.0,51.0,198.0,175.0,144.0,119.0,181.0,138.0,136.0,105.0,85.0,76.0
img29_jpg.rf.d1593ddc0c9c05ae5a6ac8aecf5ac90b.jpg,198.0,167.0,172.0,151.0,42.0,198.0,177.0,143.0,125.0,182.0,140.0,130.0,62.0,39.0,37.0
summer42.jpg,198.0,155.0,136.0,11.0,84.0,198.0,166.0,151.0,111.0,171.0,141.0,145.0,66.0,56.0,58.0
img99_jpg.rf.8fa7c5641f078b7bd0dbe3523c88d5ce.jpg,135.0,88.0,71.0,11.0,122.0,135.0,100.0,153.0,111.0,107.0,145.0,146.0,50.0,30.0,34.0
img43_jpg.rf.8ed541de78f700ae5aad74a27061bcf9.jpg,167.0,130.0,125.0,37.0,68.0,167.0,141.0,147.0,119.0,147.0,141.0,137.0,53.0,29.0,42.0
img30_jpg.rf.b46b39c5bc4fc2d1fb1968db413dc8e5.jpg,226.0,181.0,170.0,11.0,64.0,226.0,193.0,151.0,115.0,197.0,142.0,140.0,49.0,41.0,42.0
img99_jpg.rf.a20d01c1f149d2366e0f0a877de0f951.jpg,196.0,149.0,132.0,11.0,84.0,196.0,161.0,153.0,111.0,168.0,143.0,144.0,111.0,91.0,95.0
summer32.jpg,184.0,150.0,129.0,17.0,77.0,184.0,158.0,147.0,112.0,164.0,138.0,144.0,38.0,49.0,60.0
img100_jpg.rf.001167c5acfb5c7cecbd5c8ff69a82d3.jpg,166.0,121.0,99.0,11.0,109.0,166.0,132.0,152.0,109.0,139.0,143.0,147.0,29.0,16.0,14.0
img80_jpg.rf.ffb761db656c187ed83d29d5af55bc94.jpg,196.0,162.0,155.0,12.0,59.0,196.0,172.0,145.0,119.0,176.0,139.0,137.0,28.0,22.0,22.0
img44_jpg.rf.137968714350212f55ad06ac629688f9.jpg,180.0,158.0,158.0,92.0,39.0,180.0,165.0,139.0,124.0,171.0,136.0,131.0,121.0,94.0,82.0
winter31.jpg,216.0,180.0,174.0,21.0,54.0,216.0,190.0,147.0,119.0,193.0,140.0,136.0,35.0,26.0,25.0
img35_jpg.rf.7c2422294e10719979b0932f0d2eace1.jpg,195.0,121.0,104.0,14.0,123.0,195.0,141.0,166.0,107.0,148.0,155.0,150.0,24.0,13.0,19.0
img60_jpg.rf.b25e59533216acf9f510947abd87b993.jpg,205.0,190.0,222.0,137.0,40.0,223.0,198.0,133.0,142.0,201.0,139.0,114.0,66.0,47.0,82.0
img17_jpg.rf.870437f4a86a31bb381f155d88bd9e5b.jpg,248.0,222.0,208.0,20.0,42.0,248.0,228.0,142.0,117.0,230.0,135.0,138.0,163.0,137.0,120.0
spring48.jpg,191.0,157.0,125.0,15.0,91.0,191.0,164.0,148.0,106.0,170.0,136.0,150.0,56.0,50.0,41.0
img41_jpg.rf.ba4acdb08eeab32da533e8235e1e73b1.jpg,213.0,191.0,173.0,15.0,52.0,213.0,196.0,141.0,115.0,200.0,134.0,140.0,129.0,109.0,84.0
summer2.jpg,213.0,174.0,165.0,6.0,59.0,213.0,185.0,149.0,117.0,189.0,141.0,138.0,43.0,41.0,43.0
img53_jpg.rf.83427655d534c555cffe3105be68d242.jpg,127.0,112.0,116.0,124.0,34.0,127.0,117.0,135.0,127.0,123.0,134.0,128.0,43.0,39.0,42.0
img28_jpg.rf.bba9a7617e9f2cd29833b917785a53a2.jpg,108.0,76.0,56.0,11.0,134.0,108.0,83.0,146.0,113.0,89.0,139.0,145.0,15.0,8.0,5.0
winter9.jpg,195.0,159.0,152.0,12.0,58.0,195.0,169.0,146.0,118.0,175.0,140.0,137.0,36.0,33.0,37.0
img30_jpg.rf.96fcfed4f0c65b0a28e07acc99b8386c.jpg,188.0,147.0,129.0,9.0,81.0,188.0,157.0,150.0,112.0,164.0,141.0,144.0,106.0,92.0,83.0
winter10.jpg,197.0,162.0,149.0,12.0,64.0,197.0,171.0,147.0,115.0,176.0,139.0,140.0,46.0,44.0,47.0
winter48.jpg,193.0,152.0,137.0,9.0,79.0,193.0,162.0,150.0,114.0,168.0,142.0,142.0,27.0,16.0,18.0
img16_jpg.rf.9cc6add336a4dd4017e5ef144e73ef6a.jpg,237.0,205.0,186.0,11.0,56.0,237.0,213.0,146.0,113.0,216.0,137.0,142.0,97.0,88.0,83.0
summer27.jpg,180.0,144.0,120.0,12.0,91.0,180.0,152.0,148.0,110.0,158.0,138.0,146.0,56.0,51.0,51.0
img43_jpg.rf.d1b9dc113d437ce0e1dcaecaeb74730b.jpg,228.0,206.0,206.0,74.0,29.0,228.0,213.0,139.0,124.0,215.0,136.0,131.0,109.0,91.0,99.0
winter1.jpg,188.0,147.0,135.0,19.0,79.0,188.0,158.0,149.0,115.0,162.0,142.0,140.0,30.0,25.0,26.0
img72_jpg.rf.6f6ee978c5f55febd2abbe88a14a2b5f.jpg,197.0,149.0,125.0,11.0,95.0,197.0,161.0,154.0,108.0,168.0,143.0,148.0,130.0,88.0,65.0
img22_jpg.rf.f2e50ef2a987ed4b1dd2c626100b8dc7.jpg,205.0,178.0,166.0,11.0,50.0,205.0,185.0,142.0,117.0,190.0,136.0,138.0,47.0,43.0,51.0
img28_jpg.rf.5754f030b43c4f9011fd3d6784683fc8.jpg,203.0,155.0,141.0,7.0,82.0,203.0,168.0,153.0,113.0,174.0,144.0,143.0,56.0,24.0,23.0
fall27.jpg,214.0,180.0,165.0,9.0,61.0,214.0,189.0,146.0,115.0,193.0,138.0,141.0,85.0,65.0,68.0
img56_jpg.rf.48ec1e9ec6b7dbab7fe298bfab8c4eb9.jpg,230.0,205.0,192.0,15.0,45.0,230.0,211.0,142.0,118.0,214.0,135.0,138.0,127.0,100.0,90.0
img45_jpg.rf.5715dda251c5efddf7681fa3ba931865.jpg,162.0,117.0,99.0,9.0,105.0,162.0,129.0,152.0,111.0,136.0,143.0,145.0,19.0,9.0,8.0
spring36.jpg,180.0,143.0,137.0,12.0,67.0,180.0,153.0,147.0,119.0,159.0,141.0,137.0,55.0,38.0,42.0
img12_jpg.rf.6bc0ad444b67bb17e53b8a566a5bdb93.jpg,233.0,210.0,202.0,15.0,37.0,233.0,216.0,140.0,120.0,219.0,135.0,135.0,60.0,43.0,39.0
img59_jpg.rf.8eeebdaf165cbab3973478f4e9eb4dbc.jpg,224.0,187.0,181.0,33.0,50.0,224.0,198.0,147.0,119.0,201.0,140.0,136.0,105.0,81.0,95.0
img13_jpg.rf.14f3fee7f92fecf8da427f643c05cb02.jpg,176.0,139.0,119.0,10.0,87.0,176.0,148.0,148.0,112.0,155.0,139.0,144.0,82.0,62.0,47.0
img32_jpg.rf.8117af4cac8c040d76763f44c99e38e3.jpg,185.0,165.0,156.0,11.0,42.0,185.0,170.0,138.0,120.0,176.0,134.0,135.0,43.0,35.0,29.0
summer14.jpg,202.0,160.0,128.0,13.0,95.0,202.0,169.0,152.0,105.0,176.0,139.0,151.0,45.0,41.0,38.0
spring19.jpg,195.0,154.0,117.0,15.0,104.0,195.0,162.0,151.0,103.0,170.0,138.0,153.0,47.0,44.0,38.0
img14_jpg.rf.08d551ac7a28cd10213092099e58b11a.jpg,186.0,154.0,145.0,15.0,65.0,186.0,162.0,145.0,118.0,168.0,139.0,137.0,52.0,18.0,22.0
fall33.jpg,221.0,186.0,185.0,78.0,49.0,221.0,197.0,145.0,121.0,200.0,140.0,134.0,59.0,33.0,23.0
img88_jpg.rf.3798847f4934a7959ae89cd5d789c9d3.jpg,148.0,105.0,91.0,8.0,105.0,148.0,116.0,151.0,114.0,123.0,144.0,143.0,26.0,11.0,10.0
img46_jpg.rf.45edd8412f1999ee4bd71387e8b585ef.jpg,127.0,89.0,73.0,9.0,124.0,127.0,99.0,148.0,114.0,104.0,141.0,144.0,58.0,39.0,25.0
img87_jpg.rf.ecabfb00c333ae67a369459118534eab.jpg,136.0,104.0,85.0,11.0,111.0,136.0,111.0,146.0,113.0,118.0,139.0,144.0,18.0,10.0,6.0
spring1.jpg,198.0,169.0,153.0,13.0,60.0,198.0,176.0,144.0,115.0,181.0,137.0,140.0,30.0,38.0,45.0
summer9.jpg,210.0,177.0,164.0,8.0,57.0,210.0,185.0,146.0,116.0,190.0,138.0,139.0,60.0,48.0,45.0
spring3.jpg,176.0,142.0,119.0,12.0,87.0,176.0,149.0,147.0,111.0,156.0,138.0,145.0,79.0,56.0,44.0
img11_jpg.rf.da662403a1a028dd4f90322e44925251.jpg,224.0,183.0,159.0,11.0,74.0,224.0,193.0,150.0,109.0,197.0,139.0,146.0,79.0,71.0,67.0
summer22.jpg,191.0,153.0,133.0,11.0,82.0,191.0,162.0,149.0,112.0,168.0,139.0,144.0,53.0,46.0,45.0
summer17.jpg,213.0,176.0,161.0,12.0,64.0,213.0,185.0,148.0,114.0,190.0,140.0,141.0,28.0,29.0,33.0
img4_jpg.rf.f6f9fe98d185e69133117b66bd1a0bd7.jpg,150.0,116.0,99.0,10.0,91.0,150.0,124.0,147.0,114.0,131.0,139.0,143.0,53.0,39.0,30.0
img35_jpg.rf.d86819c2534e4010447e30c802c45400.jpg,230.0,197.0,181.0,15.0,58.0,230.0,205.0,146.0,114.0,208.0,138.0,141.0,81.0,57.0,51.0
img55_jpg.rf.e770de7e50a110b6f95d59ef04bb4274.jpg,203.0,178.0,175.0,30.0,37.0,203.0,185.0,141.0,122.0,190.0,137.0,133.0,49.0,44.0,54.0
img13_jpg.rf.01af546157aec17bff7f798fca2bc899.jpg,175.0,162.0,150.0,30.0,44.0,175.0,164.0,136.0,120.0,171.0,131.0,136.0,70.0,81.0,87.0
img36_jpg.rf.68b5b953231c4fffad009bc0006756c7.jpg,140.0,86.0,59.0,10.0,154.0,140.0,99.0,157.0,105.0,107.0,148.0,153.0,37.0,10.0,6.0
img40_jpg.rf.736e695b0b1de5c3593cbd938dcf1402.jpg,89.0,63.0,58.0,30.0,99.0,89.0,70.0,141.0,121.0,74.0,138.0,136.0,33.0,15.0,17.0
img29_jpg.rf.28b811f2bf6373132e8674532a84b3e5.jpg,201.0,169.0,153.0,11.0,64.0,201.0,177.0,145.0,114.0,183.0,137.0,141.0,59.0,35.0,27.0
img24_jpg.rf.e9e7e9dcbbbcdfa49b88190f5fa04018.jpg,150.0,112.0,95.0,9.0,100.0,150.0,122.0,149.0,113.0,129.0,141.0,144.0,37.0,21.0,14.0
spring8.jpg,212.0,166.0,147.0,9.0,81.0,212.0,178.0,153.0,111.0,183.0,142.0,145.0,53.0,39.0,35.0
fall6.jpg,182.0,140.0,125.0,8.0,82.0,182.0,151.0,150.0,113.0,157.0,142.0,142.0,55.0,50.0,53.0
img18_jpg.rf.7b6b9f08513a116e317406769d190683.jpg,168.0,141.0,136.0,17.0,55.0,168.0,149.0,142.0,121.0,155.0,138.0,135.0,63.0,27.0,26.0
img12_jpg.rf.c6ae07d56798c86261e525fd67921bf2.jpg,138.0,121.0,151.0,137.0,58.0,151.0,130.0,134.0,140.0,135.0,140.0,114.0,16.0,13.0,31.0
spring49.jpg,210.0,172.0,159.0,9.0,64.0,210.0,182.0,148.0,115.0,187.0,140.0,140.0,55.0,49.0,45.0
img43_jpg.rf.966351bd0d23a5c09809da5a30c2f422.jpg,225.0,202.0,202.0,81.0,31.0,225.0,209.0,140.0,124.0,211.0,136.0,131.0,105.0,86.0,94.0
img17_jpg.rf.4096b07d67e8ddbf43e9f2970bf20f88.jpg,205.0,168.0,168.0,64.0,50.0,205.0,179.0,147.0,121.0,184.0,141.0,134.0,44.0,42.0,42.0
img80_jpg.rf.21d195d0ae20b0f462efb1bafa913932.jpg,184.0,150.0,142.0,11.0,64.0,184.0,159.0,145.0,119.0,164.0,140.0,137.0,23.0,17.0,18.0
winter46.jpg,239.0,187.0,153.0,12.0,92.0,239.0,199.0,157.0,102.0,203.0,142.0,152.0,91.0,70.0,66.0
fall13.jpg,213.0,178.0,158.0,13.0,65.0,213.0,186.0,147.0,112.0,191.0,137.0,143.0,92.0,97.0,98.0
img18_jpg.rf.7b56884838856b90e03ba9a6c41b4c1a.jpg,193.0,161.0,155.0,19.0,53.0,193.0,170.0,144.0,120.0,175.0,139.0,135.0,75.0,24.0,14.0
img25_jpg.rf.f03e2e979fb39b26f9f6718a3110781b.jpg,233.0,216.0,213.0,27.0,26.0,234.0,221.0,137.0,124.0,223.0,134.0,132.0,63.0,59.0,61.0
winter5.jpg,174.0,150.0,144.0,16.0,48.0,174.0,156.0,141.0,121.0,162.0,136.0,134.0,35.0,34.0,37.0
img51_jpg.rf.7f6109fdf54719694b76733774bc0837.jpg,110.0,60.0,29.0,12.0,196.0,110.0,72.0,156.0,104.0,79.0,147.0,156.0,19.0,5.0,3.0
fall45.jpg,217.0,173.0,158.0,9.0,73.0,217.0,184.0,151.0,113.0,189.0,142.0,142.0,30.0,26.0,25.0
img89_jpg.rf.b87d34d8f4a31cfaf2cad7c13833aa7a.jpg,100.0,70.0,90.0,152.0,87.0,103.0,81.0,142.0,133.0,85.0,145.0,121.0,13.0,7.0,13.0
img36_jpg.rf.06f6ec64b84c11ac6e15b8af859599ba.jpg,241.0,194.0,166.0,11.0,79.0,241.0,205.0,154.0,106.0,209.0,141.0,148.0,127.0,96.0,82.0
img15_jpg.rf.69979454e56b0513542f8e15427db294.jpg,170.0,141.0,132.0,8.0,62.0,170.0,148.0,143.0,119.0,155.0,138.0,137.0,56.0,36.0,34.0
summer21.jpg,190.0,158.0,138.0,13.0,77.0,190.0,165.0,145.0,113.0,171.0,137.0,143.0,34.0,38.0,45.0
img21_jpg.rf.35353e37a920d3133c0764311e4e7908.jpg,189.0,148.0,165.0,91.0,70.0,193.0,162.0,147.0,130.0,167.0,146.0,125.0,32.0,17.0,120.0
img51_jpg.rf.087f9753b2b06931d822e854de4fff2d.jpg,142.0,92.0,59.0,12.0,154.0,142.0,103.0,156.0,103.0,111.0,145.0,155.0,39.0,16.0,10.0
img20_jpg.rf.a1866c9390b76a45014d58bd6d9f4b29.jpg,231.0,194.0,165.0,13.0,75.0,231.0,202.0,149.0,107.0,206.0,137.0,148.0,53.0,50.0,46.0
spring33.jpg,136.0,114.0,110.0,6.0,53.0,136.0,120.0,139.0,122.0,127.0,136.0,134.0,55.0,48.0,42.0
summer16.jpg,207.0,174.0,154.0,11.0,68.0,207.0,181.0,146.0,113.0,187.0,137.0,142.0,49.0,41.0,36.0
img1_jpg.rf.cd9b38eefe5367eb5db09b5e1c89a8fd.jpg,243.0,228.0,220.0,15.0,26.0,243.0,232.0,136.0,121.0,233.0,132.0,134.0,125.0,105.0,97.0
img13_jpg.rf.97b7ef33dbd7e0ef6bef83bb17b4c7e5.jpg,208.0,182.0,199.0,160.0,36.0,209.0,191.0,140.0,132.0,195.0,141.0,122.0,49.0,51.0,86.0
spring21.jpg,185.0,139.0,114.0,10.0,100.0,185.0,150.0,153.0,108.0,156.0,142.0,148.0,35.0,27.0,22.0
winter7.jpg,199.0,174.0,165.0,24.0,48.0,199.0,180.0,141.0,119.0,185.0,136.0,136.0,55.0,59.0,65.0
img21_jpg.rf.ea9c2ef9002c904ca8b43d649074f241.jpg,170.0,137.0,139.0,110.0,52.0,170.0,147.0,144.0,123.0,153.0,141.0,132.0,21.0,19.0,22.0
img56_jpg.rf.3dbef478941ccdd6b7f53f80f236686e.jpg,208.0,169.0,155.0,8.0,70.0,208.0,179.0,149.0,115.0,183.0,141.0,141.0,89.0,62.0,52.0
img37_jpg.rf.c28c88b096df03e2502b4cbe6fa28568.jpg,196.0,163.0,149.0,15.0,65.0,197.0,172.0,146.0,116.0,177.0,138.0,140.0,121.0,80.0,51.0
img13_jpg.rf.e538951083126825fce895dcfa6365ff.jpg,176.0,133.0,76.0,17.0,147.0,176.0,139.0,154.0,92.0,149.0,138.0,165.0,118.0,78.0,25.0
winter11.jpg,211.0,162.0,147.0,9.0,79.0,211.0,175.0,153.0,112.0,180.0,144.0,143.0,54.0,41.0,45.0
spring44.jpg,210.0,164.0,146.0,9.0,81.0,210.0,176.0,153.0,111.0,181.0,143.0,144.0,40.0,29.0,31.0
img24_jpg.rf.9ccb9d0f377a03c07920711b473a2314.jpg,232.0,204.0,189.0,10.0,49.0,232.0,211.0,143.0,116.0,214.0,136.0,139.0,86.0,72.0,67.0
fall24.jpg,178.0,144.0,129.0,9.0,74.0,178.0,152.0,147.0,115.0,159.0,139.0,141.0,39.0,31.0,29.0
img21_jpg.rf.38e503ee41acbfa0a3f7f68d6d5544f3.jpg,173.0,133.0,148.0,91.0,75.0,176.0,147.0,147.0,129.0,152.0,146.0,126.0,22.0,11.0,103.0
img93_jpg.rf.d697f405917affbc238fc7884941c417.jpg,244.0,224.0,212.0,17.0,34.0,244.0,229.0,139.0,118.0,231.0,133.0,137.0,161.0,160.0,173.0
img31_jpg.rf.dd94f54f0c8cb625e5314312abb7cee3.jpg,241.0,224.0,211.0,17.0,35.0,242.0,228.0,138.0,119.0,230.0,132.0,137.0,97.0,85.0,84.0
img17_jpg.rf.6063902f67113d331cbb6ae80fd3b6da.jpg,200.0,163.0,163.0,65.0,52.0,200.0,174.0,147.0,121.0,179.0,142.0,134.0,39.0,37.0,37.0
img45_jpg.rf.a077c82f9fb229f2b25ebd523f318282.jpg,231.0,197.0,178.0,11.0,62.0,231.0,205.0,147.0,112.0,209.0,137.0,142.0,147.0,118.0,87.0
img36_jpg.rf.6072bc9ab7886e1a2632507dfb27ef76.jpg,181.0,127.0,100.0,10.0,117.0,181.0,140.0,157.0,105.0,148.0,146.0,151.0,64.0,31.0,18.0
fall32.jpg,193.0,155.0,143.0,7.0,73.0,193.0,165.0,148.0,116.0,170.0,141.0,140.0,67.0,43.0,36.0
winter6.jpg,195.0,157.0,144.0,8.0,70.0,195.0,167.0,148.0,115.0,172.0,140.0,140.0,44.0,38.0,39.0
img96_jpg.rf.356064560180960d361fd435f5982307.jpg,245.0,225.0,201.0,19.0,47.0,245.0,228.0,140.0,113.0,231.0,131.0,142.0,93.0,87.0,85.0
img59_jpg.rf.2ed92394ed64247771938a1ee12a767e.jpg,200.0,169.0,161.0,15.0,51.0,200.0,177.0,144.0,119.0,183.0,138.0,136.0,107.0,88.0,78.0
img33_jpg.rf.ce1c3d401c65d3b54a12342e3cc8410a.jpg,152.0,114.0,91.0,11.0,112.0,152.0,123.0,149.0,110.0,130.0,140.0,147.0,115.0,80.0,50.0
fall37.jpg,201.0,171.0,167.0,18.0,46.0,201.0,179.0,143.0,121.0,184.0,138.0,134.0,69.0,47.0,48.0
img24_jpg.rf.aee68fad7b9a88013bdd36e74d6a7b1d.jpg,246.0,234.0,222.0,20.0,26.0,246.0,236.0,135.0,120.0,238.0,130.0,135.0,119.0,105.0,100.0
img83_jpg.rf.4292c353b3238963a70a6ebc739da181.jpg,203.0,171.0,131.0,17.0,94.0,203.0,176.0,147.0,102.0,183.0,134.0,153.0,108.0,72.0,30.0
fall1.jpg,198.0,153.0,131.0,10.0,90.0,198.0,164.0,152.0,109.0,170.0,142.0,146.0,84.0,74.0,74.0
img88_jpg.rf.99b29a309e16d2054f1a1c0583ef3430.jpg,167.0,105.0,75.0,10.0,150.0,167.0,120.0,162.0,103.0,129.0,150.0,155.0,36.0,10.0,6.0
img35_jpg.rf.ac47fabd0c9795b24877640eac156f40.jpg,226.0,154.0,137.0,14.0,102.0,226.0,174.0,165.0,107.0,179.0,153.0,148.0,57.0,45.0,50.0
img5_jpg.rf.5f234ddcbdc0c5a34fd95f5bbf198fbc.jpg,251.0,242.0,220.0,24.0,32.0,251.0,242.0,134.0,115.0,244.0,127.0,140.0,139.0,137.0,131.0
spring42.jpg,194.0,161.0,146.0,14.0,64.0,194.0,169.0,146.0,115.0,175.0,138.0,140.0,41.0,35.0,31.0
spring12.jpg,221.0,183.0,167.0,13.0,63.0,221.0,193.0,148.0,114.0,197.0,139.0,141.0,42.0,47.0,61.0
img30_jpg.rf.3a12a055aa40436c32467e8d75eaaed9.jpg,142.0,100.0,82.0,9.0,108.0,142.0,111.0,150.0,112.0,118.0,142.0,145.0,59.0,46.0,36.0
winter49.jpg,190.0,142.0,128.0,7.0,88.0,190.0,154.0,153.0,113.0,160.0,145.0,143.0,67.0,53.0,49.0
summer45.jpg,206.0,167.0,153.0,13.0,67.0,206.0,177.0,148.0,114.0,182.0,140.0,141.0,56.0,48.0,52.0
img22_jpg.rf.51757138fe6541e8ff2711d07063db0f.jpg,237.0,217.0,203.0,18.0,38.0,237.0,222.0,139.0,117.0,224.0,133.0,138.0,103.0,90.0,89.0
img51_jpg.rf.633d7914814bbf14ffbedff64269d87b.jpg,236.0,214.0,204.0,12.0,36.0,236.0,219.0,140.0,119.0,222.0,134.0,136.0,87.0,70.0,66.0
img100_jpg.rf.a2f638f26a0bfe2c786c395b6fbb0955.jpg,193.0,147.0,125.0,11.0,93.0,193.0,158.0,152.0,109.0,165.0,142.0,146.0,43.0,28.0,26.0
img103_jpg.rf.87582b6a215d6d7a7d4096c594494760.jpg,144.0,104.0,90.0,8.0,99.0,144.0,114.0,149.0,114.0,120.0,142.0,142.0,22.0,11.0,9.0
img26_jpg.rf.8cce6ae81736f004c76ce67057db4131.jpg,187.0,154.0,144.0,27.0,65.0,187.0,163.0,145.0,117.0,169.0,139.0,138.0,28.0,12.0,23.0
img11_jpg.rf.68c0ab4b437c663c9de8a6513f047b07.jpg,149.0,107.0,83.0,11.0,117.0,149.0,117.0,151.0,109.0,124.0,142.0,148.0,23.0,15.0,12.0
summer24.jpg,189.0,150.0,138.0,10.0,70.0,189.0,160.0,148.0,115.0,167.0,141.0,140.0,23.0,20.0,22.0
img10_jpg.rf.05f922022d47d7fdbf38fd855173abc5.jpg,196.0,171.0,173.0,114.0,39.0,196.0,178.0,140.0,125.0,182.0,138.0,130.0,69.0,54.0,67.0
img96_jpg.rf.f2a83f2ab3762a8a8d60307fa472815a.jpg,236.0,215.0,185.0,21.0,55.0,236.0,218.0,141.0,110.0,221.0,131.0,145.0,109.0,94.0,87.0
img18_jpg.rf.98094cf1a78388bee16cb8dbe51d3ed3.jpg,233.0,206.0,200.0,17.0,39.0,233.0,213.0,142.0,121.0,216.0,137.0,134.0,93.0,59.0,55.0
img29_jpg.rf.e8e74534375536b98ea091cb3e4150dc.jpg,249.0,240.0,242.0,77.0,11.0,249.0,243.0,133.0,127.0,243.0,132.0,128.0,141.0,118.0,115.0
img24_jpg.rf.8b874c4b015ea11b1d62aa4c3a3ab47e.jpg,207.0,189.0,193.0,147.0,22.0,207.0,195.0,136.0,127.0,199.0,135.0,128.0,45.0,44.0,47.0
img83_jpg.rf.bd2c7c951cbb653bf60a3fcd543b0572.jpg,131.0,104.0,102.0,58.0,78.0,131.0,112.0,142.0,123.0,116.0,139.0,133.0,21.0,10.0,23.0
img35_jpg.rf.071555c3ab3deaa8f35e49999e2f0ae2.jpg,173.0,144.0,122.0,13.0,86.0,173.0,150.0,145.0,112.0,156.0,136.0,144.0,50.0,37.0,30.0
fall38.jpg,184.0,145.0,135.0,7.0,76.0,184.0,156.0,148.0,116.0,161.0,141.0,140.0,90.0,63.0,55.0
spring16.jpg,193.0,168.0,165.0,39.0,40.0,193.0,175.0,141.0,123.0,180.0,137.0,133.0,25.0,26.0,33.0
img41_jpg.rf.112315e6ac7196adb3bc02f25b2b6b9f.jpg,230.0,212.0,196.0,19.0,41.0,230.0,215.0,138.0,117.0,219.0,132.0,139.0,151.0,131.0,106.0
img16_jpg.rf.aec00d151113aa51d22ade3e878726ca.jpg,234.0,207.0,195.0,10.0,44.0,234.0,214.0,142.0,117.0,217.0,136.0,138.0,92.0,82.0,76.0
img8_jpg.rf.e0869096927aac2cacc23dae980ec8f4.jpg,252.0,234.0,224.0,21.0,29.0,252.0,238.0,138.0,120.0,239.0,133.0,135.0,141.0,129.0,129.0
img24_jpg.rf.34ee0ba8d7b22df677281c0088506365.jpg,247.0,236.0,224.0,20.0,24.0,247.0,238.0,134.0,120.0,239.0,130.0,135.0,122.0,108.0,103.0
img49_jpg.rf.ecede94dd50606d55cf1584483b34bed.jpg,165.0,126.0,107.0,10.0,100.0,165.0,135.0,149.0,112.0,142.0,141.0,145.0,23.0,7.0,4.0
summer20.jpg,204.0,164.0,149.0,9.0,71.0,204.0,174.0,149.0,114.0,179.0,141.0,141.0,46.0,39.0,45.0
img12_jpg.rf.31da3272e53fa06d2d68c010a7d22cb6.jpg,204.0,187.0,216.0,138.0,36.0,216.0,196.0,134.0,139.0,199.0,139.0,116.0,67.0,62.0,88.0
fall10.jpg,203.0,162.0,133.0,13.0,93.0,203.0,171.0,151.0,106.0,177.0,139.0,149.0,29.0,26.0,24.0
fall46.jpg,207.0,170.0,153.0,9.0,70.0,207.0,179.0,148.0,113.0,184.0,140.0,142.0,38.0,38.0,39.0
img11_jpg.rf.40b582b61a0dfbc800426c2e9d4bb36a.jpg,140.0,97.0,74.0,11.0,125.0,140.0,107.0,151.0,109.0,115.0,142.0,148.0,23.0,15.0,12.0
summer34.jpg,207.0,176.0,161.0,12.0,59.0,208.0,184.0,145.0,115.0,188.0,137.0,140.0,50.0,45.0,49.0
winter37.jpg,189.0,150.0,120.0,13.0,98.0,189.0,159.0,150.0,106.0,166.0,139.0,150.0,179.0,158.0,137.0
img2_jpg.rf.bf23dc320c858eedfa0e5711b3d3b610.jpg,189.0,170.0,159.0,11.0,43.0,189.0,174.0,139.0,119.0,180.0,133.0,136.0,24.0,14.0,10.0
img4_jpg.rf.d70f0fa3b78b56189d2bd752306d1e45.jpg,180.0,126.0,109.0,10.0,101.0,180.0,140.0,156.0,111.0,147.0,147.0,146.0,39.0,41.0,50.0
summer3.jpg,217.0,179.0,164.0,9.0,65.0,217.0,189.0,148.0,114.0,193.0,139.0,141.0,43.0,35.0,31.0
img36_jpg.rf.ed5e07bef8dac1491a2fd654245e9891.jpg,241.0,217.0,211.0,9.0,33.0,241.0,223.0,141.0,121.0,225.0,136.0,134.0,95.0,82.0,82.0
img88_jpg.rf.9bfd4a12b9ed7a47629d1b4058d46a20.jpg,196.0,134.0,103.0,10.0,128.0,196.0,149.0,162.0,102.0,156.0,149.0,155.0,63.0,28.0,18.0
img4_jpg.rf.6e91eb90a9a8e50f01a1278fb409ac04.jpg,121.0,86.0,69.0,10.0,117.0,121.0,95.0,147.0,114.0,101.0,140.0,143.0,29.0,17.0,10.0
summer23.jpg,213.0,178.0,153.0,14.0,73.0,213.0,186.0,147.0,110.0,191.0,137.0,146.0,57.0,55.0,52.0
img85_jpg.rf.c01162ed9e000ef0faf3a9ca3da3f44f.jpg,154.0,117.0,125.0,163.0,69.0,154.0,129.0,146.0,126.0,135.0,144.0,129.0,40.0,13.0,21.0
summer44.jpg,199.0,159.0,139.0,12.0,79.0,199.0,168.0,150.0,111.0,174.0,140.0,144.0,42.0,38.0,37.0
img35_jpg.rf.3a0731fe4e66af56a525f6ebf3041f86.jpg,195.0,167.0,145.0,14.0,72.0,195.0,173.0,144.0,112.0,178.0,135.0,143.0,72.0,60.0,52.0
img43_jpg.rf.0d45e71c8777ded5b5e00a247c338f8a.jpg,172.0,136.0,130.0,36.0,66.0,172.0,146.0,147.0,119.0,152.0,141.0,137.0,57.0,33.0,46.0
winter39.jpg,229.0,184.0,168.0,9.0,70.0,229.0,196.0,152.0,112.0,200.0,142.0,143.0,33.0,22.0,20.0
summer50.jpg,223.0,179.0,156.0,10.0,79.0,223.0,190.0,152.0,109.0,194.0,141.0,146.0,44.0,31.0,31.0
img47_jpg.rf.6d081fa6ef84806d6a9c33ecffbbece8.jpg,219.0,175.0,156.0,9.0,75.0,219.0,186.0,152.0,111.0,190.0,142.0,144.0,68.0,53.0,51.0
img37_jpg.rf.26093cdc364fa98b533ab228202edc2b.jpg,183.0,110.0,66.0,11.0,164.0,183.0,127.0,168.0,94.0,137.0,153.0,164.0,74.0,38.0,36.0
img103_jpg.rf.f76475b25d936ec288a22fd90b108866.jpg,164.0,113.0,98.0,10.0,105.0,164.0,127.0,155.0,112.0,134.0,146.0,144.0,25.0,11.0,13.0
img14_jpg.rf.88915be2fac1cb2255bb7857e2804f2a.jpg,197.0,166.0,148.0,11.0,66.0,197.0,173.0,145.0,114.0,179.0,137.0,142.0,38.0,25.0,24.0
img38_jpg.rf.f9ac801823a3db1de62ddcdb050cdd61.jpg,146.0,115.0,115.0,60.0,70.0,147.0,125.0,144.0,122.0,131.0,140.0,133.0,29.0,19.0,33.0
spring32.jpg,191.0,148.0,147.0,62.0,64.0,191.0,161.0,149.0,120.0,166.0,144.0,135.0,43.0,25.0,26.0
winter33.jpg,195.0,166.0,157.0,9.0,55.0,195.0,174.0,143.0,119.0,179.0,137.0,137.0,26.0,24.0,25.0
img40_jpg.rf.28565debb1531aa7c381b8d402abc0cd.jpg,128.0,102.0,97.0,34.0,64.0,128.0,109.0,141.0,121.0,116.0,137.0,135.0,65.0,48.0,54.0
img72_jpg.rf.cf99a6762af4508683773c78bfcc96dc.jpg,164.0,116.0,93.0,11.0,114.0,164.0,128.0,154.0,108.0,136.0,144.0,149.0,103.0,61.0,39.0
winter8.jpg,213.0,159.0,130.0,11.0,101.0,213.0,172.0,157.0,104.0,178.0,144.0,151.0,31.0,25.0,22.0
img97_jpg.rf.434bfe67b7a50dc26d2ae7e9a17e6049.jpg,183.0,160.0,151.0,8.0,47.0,183.0,166.0,140.0,120.0,172.0,135.0,136.0,91.0,75.0,67.0
img4_jpg.rf.658bc1ba55c43a4a2c524d5b7efd44c6.jpg,141.0,108.0,99.0,8.0,86.0,141.0,117.0,145.0,118.0,123.0,140.0,138.0,23.0,14.0,12.0
fall34.jpg,174.0,124.0,109.0,7.0,101.0,174.0,137.0,154.0,112.0,144.0,146.0,144.0,110.0,74.0,61.0
img46_jpg.rf.0a9e75284042ab27459ada8554958abd.jpg,180.0,144.0,128.0,10.0,76.0,180.0,153.0,147.0,114.0,159.0,139.0,142.0,73.0,62.0,55.0
img72_jpg.rf.199feedfb57a94492adb13be95e2a4f3.jpg,189.0,141.0,118.0,11.0,99.0,189.0,153.0,154.0,108.0,160.0,143.0,148.0,124.0,81.0,58.0
spring4.jpg,208.0,174.0,149.0,15.0,73.0,208.0,181.0,147.0,110.0,187.0,137.0,145.0,63.0,74.0,72.0
summer25.jpg,184.0,147.0,127.0,11.0,83.0,184.0,156.0,148.0,112.0,161.0,139.0,144.0,52.0,47.0,46.0
spring29.jpg,200.0,167.0,157.0,17.0,58.0,200.0,176.0,146.0,118.0,181.0,139.0,138.0,35.0,31.0,30.0
fall12.jpg,183.0,147.0,127.0,11.0,82.0,183.0,156.0,147.0,112.0,163.0,139.0,144.0,31.0,21.0,17.0
img29_jpg.rf.9c6b8047c815cffd736d89cdf3a7c8ae.jpg,223.0,180.0,169.0,9.0,65.0,223.0,192.0,150.0,115.0,196.0,142.0,140.0,104.0,90.0,80.0
img96_jpg.rf.5cc10890c647b0f32ba4fe68996159c9.jpg,167.0,129.0,105.0,11.0,100.0,167.0,138.0,149.0,110.0,145.0,140.0,147.0,26.0,20.0,20.0
img38_jpg.rf.c7dc40c80e2a8d089dade3f2d02da30a.jpg,242.0,228.0,221.0,17.0,23.0,242.0,231.0,135.0,122.0,233.0,131.0,133.0,102.0,89.0,83.0
img39_jpg.rf.81727097050ad02a90a697a9600d78a4.jpg,231.0,197.0,203.0,145.0,39.0,231.0,208.0,145.0,125.0,210.0,141.0,129.0,134.0,94.0,157.0
winter12.jpg,199.0,162.0,156.0,14.0,57.0,199.0,173.0,147.0,119.0,178.0,141.0,137.0,43.0,34.0,35.0
img2_jpg.rf.8b8272602fb72c8a93b23d0e0330ef39.jpg,249.0,229.0,224.0,28.0,27.0,250.0,235.0,138.0,122.0,236.0,134.0,133.0,130.0,97.0,95.0
img49_jpg.rf.baf23bca389fde140e90144675de77dc.jpg,197.0,157.0,138.0,10.0,83.0,197.0,167.0,149.0,112.0,172.0,140.0,144.0,38.0,18.0,10.0
img53_jpg.rf.727239a74a4a920cea5aa09ce499eb1b.jpg,129.0,115.0,118.0,123.0,33.0,129.0,119.0,135.0,127.0,126.0,134.0,128.0,44.0,40.0,43.0
img21_jpg.rf.75677f0f0a96df500a9e7410d79c5ebc.jpg,230.0,197.0,202.0,103.0,43.0,230.0,208.0,144.0,125.0,210.0,141.0,130.0,77.0,67.0,126.0
spring15.jpg,203.0,163.0,140.0,11.0,82.0,203.0,173.0,150.0,110.0,178.0,140.0,146.0,58.0,44.0,37.0
summer37.jpg,167.0,132.0,110.0,11.0,91.0,167.0,140.0,148.0,111.0,147.0,139.0,145.0,58.0,51.0,45.0
img98_jpg.rf.df9addf6b7880e51d5321df557a9ecaa.jpg,227.0,209.0,201.0,11.0,29.0,227.0,214.0,138.0,121.0,217.0,133.0,134.0,100.0,97.0,98.0
img24_jpg.rf.6847f758a32e5e29c6deb6eb09556f96.jpg,244.0,226.0,224.0,44.0,24.0,244.0,231.0,137.0,124.0,232.0,134.0,132.0,158.0,132.0,133.0
img34_jpg.rf.4fa375dbe81062357ae88364d89d514b.jpg,171.0,141.0,149.0,129.0,51.0,171.0,151.0,142.0,127.0,156.0,141.0,129.0,143.0,133.0,121.0
img96_jpg.rf.f6b1a462f416efbf93608075b6e3765a.jpg,214.0,169.0,137.0,14.0,94.0,214.0,179.0,153.0,104.0,184.0,140.0,151.0,61.0,45.0,38.0
img18_jpg.rf.f38a3bc0bc3bc7381925e497e6a03bc8.jpg,230.0,206.0,198.0,32.0,38.0,231.0,212.0,141.0,120.0,215.0,135.0,136.0,112.0,93.0,86.0
img39_jpg.rf.304d577915c8fdfe939f9891b8dd91a1.jpg,170.0,136.0,142.0,146.0,55.0,170.0,147.0,145.0,125.0,153.0,142.0,130.0,80.0,41.0,101.0
img12_jpg.rf.e0ddd9e7753e4b2af1dd90987ec166b9.jpg,234.0,213.0,205.0,14.0,36.0,234.0,218.0,140.0,120.0,221.0,135.0,135.0,63.0,46.0,41.0
fall16.jpg,186.0,158.0,161.0,97.0,52.0,187.0,167.0,142.0,125.0,171.0,139.0,131.0,35.0,32.0,35.0
img33_jpg.rf.b5fbd1c41e09dcc35acf4bf420b4a9ec.jpg,185.0,147.0,124.0,12.0,90.0,185.0,156.0,149.0,110.0,162.0,139.0,146.0,145.0,111.0,80.0
img23_jpg.rf.29e2da4fa6932fbd15e53b3323db7d56.jpg,207.0,191.0,186.0,29.0,28.0,207.0,195.0,137.0,123.0,200.0,133.0,132.0,87.0,98.0,102.0
spring18.jpg,200.0,139.0,111.0,10.0,116.0,200.0,154.0,161.0,104.0,161.0,148.0,153.0,54.0,32.0,22.0
winter21.jpg,218.0,185.0,170.0,11.0,59.0,218.0,193.0,146.0,115.0,197.0,138.0,140.0,69.0,52.0,43.0
spring9.jpg,171.0,145.0,131.0,11.0,60.0,171.0,151.0,142.0,117.0,158.0,136.0,139.0,36.0,41.0,42.0
img83_jpg.rf.8551b34e3bc34ef4331ea7f6667ec5b8.jpg,231.0,199.0,159.0,17.0,81.0,231.0,204.0,147.0,102.0,209.0,133.0,153.0,135.0,99.0,56.0
winter43.jpg,186.0,151.0,131.0,11.0,78.0,186.0,159.0,147.0,112.0,165.0,138.0,143.0,43.0,36.0,35.0
img6_jpg.rf.5f3580b3dd4d56932f2318b46c1171d2.jpg,175.0,151.0,153.0,99.0,39.0,175.0,159.0,139.0,125.0,165.0,137.0,130.0,58.0,39.0,45.0
fall47.jpg,198.0,167.0,154.0,10.0,63.0,198.0,175.0,145.0,116.0,180.0,138.0,139.0,46.0,42.0,40.0
img22_jpg.rf.c2ef533ee5c7a583dbdb2f6064e65fcb.jpg,213.0,186.0,174.0,11.0,48.0,213.0,193.0,142.0,117.0,197.0,136.0,138.0,55.0,51.0,59.0
winter3.jpg,184.0,161.0,147.0,12.0,54.0,184.0,167.0,141.0,117.0,172.0,134.0,138.0,70.0,69.0,71.0
img22_jpg.rf.36e952c12fe958e1e9e548d3fcdccee5.jpg,189.0,151.0,136.0,11.0,74.0,189.0,161.0,148.0,114.0,166.0,140.0,141.0,36.0,23.0,23.0
summer5.jpg,219.0,166.0,155.0,8.0,77.0,219.0,180.0,155.0,114.0,185.0,146.0,141.0,22.0,17.0,28.0
fall21.jpg,205.0,159.0,144.0,8.0,81.0,205.0,171.0,152.0,113.0,176.0,143.0,143.0,63.0,35.0,31.0
winter23.jpg,198.0,169.0,165.0,46.0,48.0,198.0,177.0,143.0,121.0,182.0,138.0,134.0,18.0,18.0,21.0
img47_jpg.rf.bbcf55e701fbd0d48005aa34ad5e3daa.jpg,166.0,122.0,103.0,9.0,101.0,166.0,133.0,152.0,111.0,140.0,143.0,145.0,25.0,13.0,11.0
img12_jpg.rf.26babfe657362432d4d00c43848c61cd.jpg,237.0,212.0,206.0,15.0,35.0,237.0,219.0,141.0,121.0,221.0,136.0,134.0,126.0,107.0,107.0
img35_jpg.rf.0cb4be31db54af1f8d542ea98c64aff3.jpg,239.0,180.0,162.0,15.0,83.0,239.0,196.0,159.0,109.0,199.0,147.0,145.0,82.0,71.0,75.0
img35_jpg.rf.022262fa0f79ad8ba03d39646ecbffb5.jpg,226.0,188.0,180.0,8.0,53.0,226.0,199.0,147.0,117.0,202.0,140.0,137.0,99.0,76.0,77.0
img43_jpg.rf.dd738f306100cc9011dee67cd329ed65.jpg,193.0,162.0,158.0,27.0,50.0,193.0,171.0,144.0,121.0,176.0,139.0,134.0,41.0,31.0,28.0
img45_jpg.rf.87e944709474d79854c36b40f0e9a283.jpg,181.0,137.0,118.0,9.0,93.0,181.0,148.0,152.0,111.0,154.0,143.0,145.0,22.0,9.0,7.0
img2_jpg.rf.dad1a8ece91c49d258a04001e9c6c6cc.jpg,188.0,172.0,191.0,132.0,37.0,196.0,179.0,134.0,135.0,184.0,137.0,121.0,24.0,17.0,28.0
img36_jpg.rf.0fcff2c6a7bcdef4f5fb1432c2763a9f.jpg,231.0,200.0,199.0,59.0,38.0,231.0,209.0,144.0,122.0,212.0,139.0,133.0,72.0,62.0,70.0
img49_jpg.rf.d2e025856c639fe0051d5228a9b89fc0.jpg,209.0,170.0,151.0,10.0,77.0,209.0,180.0,149.0,112.0,184.0,140.0,144.0,48.0,27.0,18.0
img34_jpg.rf.c9bcf5154dea5efe2269c1a33839fb5a.jpg,174.0,124.0,97.0,11.0,120.0,174.0,136.0,155.0,106.0,143.0,144.0,151.0,68.0,31.0,21.0
img92_jpg.rf.c275601aa1fc03deb711a22267f0a950.jpg,236.0,207.0,185.0,14.0,56.0,236.0,213.0,144.0,112.0,217.0,135.0,143.0,83.0,83.0,75.0
img89_jpg.rf.84a7b6a30c31a7b6101761730da6797e.jpg,245.0,226.0,203.0,17.0,45.0,245.0,229.0,140.0,113.0,231.0,131.0,142.0,109.0,78.0,63.0
img28_jpg.rf.6302399839e94e6c89114dac814109bf.jpg,216.0,168.0,154.0,7.0,77.0,216.0,181.0,153.0,113.0,186.0,144.0,143.0,69.0,37.0,35.0
img52_jpg.rf.bb9dcc5e0e9f1ed3b9ee7e74bf99e359.jpg,159.0,114.0,99.0,8.0,109.0,159.0,126.0,152.0,113.0,132.0,144.0,144.0,24.0,13.0,15.0
img3_jpg.rf.057743657222e3b586ef63ae1631595c.jpg,221.0,188.0,184.0,30.0,46.0,221.0,197.0,145.0,121.0,200.0,140.0,134.0,89.0,51.0,55.0
img98_jpg.rf.73545aada10f2ba39d68f19ca1459a32.jpg,141.0,118.0,111.0,25.0,62.0,141.0,124.0,140.0,120.0,131.0,136.0,135.0,11.0,8.0,11.0
img30_jpg.rf.d4a545db35a5674acc697a8a263da687.jpg,183.0,141.0,123.0,9.0,83.0,183.0,152.0,150.0,112.0,158.0,141.0,144.0,100.0,87.0,77.0
img87_jpg.rf.7777411a43d343877a8821a11939e3ac.jpg,180.0,133.0,124.0,14.0,84.0,180.0,146.0,152.0,115.0,152.0,145.0,140.0,31.0,11.0,11.0
img26_jpg.rf.5e18fcaf735af625125a93050bc7fe9d.jpg,248.0,234.0,227.0,35.0,24.0,248.0,237.0,136.0,122.0,238.0,132.0,133.0,99.0,84.0,94.0
img104_jpg.rf.d925c8c0b91a753736b0f09fd5d25261.jpg,234.0,196.0,162.0,14.0,78.0,234.0,203.0,150.0,105.0,208.0,137.0,150.0,89.0,86.0,82.0
fall4.jpg,186.0,143.0,117.0,11.0,101.0,186.0,153.0,152.0,108.0,159.0,141.0,148.0,92.0,69.0,57.0
winter38.jpg,213.0,173.0,164.0,12.0,62.0,213.0,184.0,149.0,117.0,188.0,142.0,138.0,48.0,37.0,36.0
fall14.jpg,193.0,149.0,138.0,11.0,75.0,193.0,161.0,151.0,115.0,167.0,143.0,140.0,31.0,24.0,25.0
img59_jpg.rf.3ec06aad3154d9c0c4b51b9bb45e23f9.jpg,239.0,208.0,187.0,13.0,58.0,239.0,215.0,145.0,112.0,218.0,136.0,143.0,126.0,46.0,30.0
img1_jpg.rf.2f6ad530b8d9d961b744ccdb52e5b695.jpg,220.0,196.0,187.0,8.0,40.0,220.0,202.0,141.0,119.0,206.0,135.0,136.0,92.0,72.0,64.0
img83_jpg.rf.6f30eed7bcab753465afff71f7250401.jpg,196.0,164.0,123.0,17.0,98.0,196.0,169.0,147.0,102.0,176.0,134.0,154.0,102.0,66.0,25.0
summer18.jpg,210.0,177.0,164.0,10.0,58.0,210.0,185.0,146.0,116.0,190.0,138.0,139.0,34.0,31.0,31.0
img35_jpg.rf.3c7c2aa33ca6663e4fb5a0eb72afc8e7.jpg,213.0,166.0,148.0,9.0,85.0,213.0,178.0,153.0,111.0,182.0,143.0,144.0,48.0,24.0,18.0
img2_jpg.rf.556cde80dc96dadd2d2f2d2758e9abdf.jpg,246.0,231.0,220.0,13.0,27.0,246.0,234.0,136.0,120.0,236.0,131.0,135.0,83.0,72.0,66.0
summer29.jpg,216.0,176.0,150.0,12.0,79.0,216.0,185.0,150.0,108.0,190.0,139.0,147.0,56.0,48.0,44.0
img53_jpg.rf.18133657d393b2f461df61ba2505a188.jpg,201.0,170.0,168.0,46.0,45.0,201.0,179.0,144.0,122.0,184.0,139.0,133.0,117.0,88.0,92.0
img95_jpg.rf.f2613e0a287162bf2458ce51427fe65a.jpg,139.0,113.0,105.0,14.0,73.0,139.0,120.0,141.0,120.0,126.0,137.0,136.0,27.0,18.0,19.0
winter32.jpg,202.0,164.0,161.0,59.0,55.0,202.0,175.0,147.0,120.0,179.0,142.0,135.0,28.0,20.0,22.0
winter41.jpg,211.0,184.0,157.0,16.0,67.0,211.0,189.0,144.0,110.0,195.0,134.0,145.0,59.0,55.0,56.0
fall18.jpg,177.0,140.0,129.0,18.0,74.0,177.0,150.0,147.0,116.0,155.0,140.0,139.0,29.0,26.0,30.0
img37_jpg.rf.6fc0a8a0f0e715475a7d20eaa0eb0afa.jpg,245.0,233.0,227.0,21.0,20.0,245.0,236.0,135.0,123.0,237.0,131.0,133.0,93.0,84.0,89.0
img88_jpg.rf.2cba16906b98fb3418c9d41d05e1e936.jpg,160.0,98.0,69.0,10.0,156.0,160.0,113.0,162.0,103.0,122.0,151.0,155.0,32.0,8.0,4.0
img45_jpg.rf.3e735c2945fa0e334548fbe32188c0ea.jpg,246.0,230.0,212.0,20.0,38.0,247.0,233.0,138.0,116.0,235.0,131.0,139.0,179.0,151.0,119.0
img90_jpg.rf.9ebe678c67c378e054d6450a8403b19f.jpg,249.0,232.0,199.0,23.0,52.0,249.0,233.0,139.0,109.0,236.0,129.0,146.0,172.0,120.0,94.0
img2_jpg.rf.562b311f7f58f55e2dc6eab571e03167.jpg,168.0,123.0,117.0,26.0,82.0,168.0,136.0,151.0,117.0,142.0,145.0,138.0,34.0,9.0,9.0
img4_jpg.rf.3de955f5f1d228281fbd7a4a876d1b93.jpg,203.0,171.0,161.0,8.0,56.0,203.0,179.0,145.0,118.0,184.0,138.0,137.0,62.0,52.0,49.0
spring37.jpg,202.0,163.0,148.0,9.0,69.0,202.0,173.0,149.0,114.0,179.0,140.0,141.0,192.0,156.0,143.0
img2_jpg.rf.66e32072430da023a288ff50d5f4c15a.jpg,176.0,161.0,180.0,133.0,39.0,184.0,167.0,134.0,135.0,173.0,137.0,121.0,17.0,13.0,24.0
img32_jpg.rf.a30ccfa5b639470ab5cf7e354d886028.jpg,140.0,104.0,78.0,13.0,119.0,140.0,112.0,148.0,109.0,119.0,139.0,148.0,31.0,13.0,10.0
img82_jpg.rf.0c2ee529622dfeffa9d7a4a4e8b2f8b9.jpg,232.0,202.0,178.0,17.0,60.0,232.0,208.0,145.0,111.0,212.0,135.0,144.0,185.0,165.0,145.0
img20_jpg.rf.e8206329fe8fcc17b6973d5b6f038f82.jpg,177.0,139.0,110.0,13.0,101.0,177.0,147.0,149.0,107.0,155.0,138.0,149.0,21.0,18.0,15.0
winter25.jpg,185.0,144.0,136.0,8.0,73.0,185.0,155.0,149.0,117.0,160.0,142.0,138.0,23.0,21.0,25.0
img16_jpg.rf.c4a5a657284940eac0f057b8ed4e27f1.jpg,145.0,118.0,106.0,10.0,74.0,145.0,125.0,143.0,117.0,132.0,137.0,139.0,39.0,29.0,25.0
img105_jpg.rf.2952f210615f6ab3d20607659c748f0f.jpg,229.0,171.0,143.0,10.0,98.0,229.0,185.0,159.0,104.0,190.0,146.0,151.0,78.0,44.0,36.0
spring20.jpg,227.0,200.0,194.0,18.0,39.0,227.0,207.0,142.0,120.0,211.0,137.0,135.0,103.0,99.0,105.0
fall30.jpg,139.0,111.0,97.0,10.0,81.0,139.0,118.0,143.0,116.0,125.0,137.0,140.0,33.0,24.0,21.0
img3_jpg.rf.110d6fa749665f691fde5d58e1ffaeb3.jpg,241.0,204.0,184.0,11.0,62.0,241.0,213.0,148.0,112.0,216.0,138.0,143.0,105.0,88.0,84.0
img32_jpg.rf.8ff92830e254c4ef0061628241c1416a.jpg,239.0,221.0,211.0,17.0,31.0,239.0,225.0,138.0,120.0,227.0,133.0,135.0,96.0,88.0,88.0
img43_jpg.rf.d36edf735c437e2a76eefaabfbe26bf5.jpg,168.0,138.0,134.0,28.0,58.0,168.0,147.0,144.0,121.0,153.0,139.0,135.0,27.0,16.0,15.0
winter36.jpg,179.0,152.0,146.0,39.0,54.0,179.0,159.0,142.0,120.0,165.0,137.0,135.0,46.0,47.0,50.0
summer6.jpg,207.0,162.0,151.0,7.0,71.0,207.0,174.0,152.0,115.0,179.0,143.0,140.0,58.0,40.0,36.0
summer28.jpg,204.0,168.0,145.0,12.0,76.0,204.0,176.0,148.0,110.0,182.0,138.0,145.0,52.0,48.0,43.0
img29_jpg.rf.1e103064f63d15eb1c33fe9c3cdb5185.jpg,152.0,101.0,84.0,8.0,119.0,152.0,115.0,155.0,111.0,122.0,146.0,146.0,23.0,5.0,3.0
img11_jpg.rf.3f0140fa2699f01d896c365ea554f018.jpg,147.0,121.0,113.0,16.0,69.0,147.0,128.0,142.0,119.0,135.0,137.0,137.0,20.0,12.0,12.0
img3_jpg.rf.7f6c0dfbcb92a8ccc2532cfd7e57259f.jpg,158.0,111.0,91.0,9.0,115.0,158.0,123.0,153.0,110.0,130.0,144.0,147.0,36.0,17.0,13.0
img98_jpg.rf.1b14b360235fae5192b5e3e395c3ae6e.jpg,238.0,225.0,219.0,24.0,21.0,238.0,228.0,135.0,123.0,230.0,131.0,133.0,75.0,79.0,85.0
img60_jpg.rf.25f925a332a3679b2f3cf1fa14488c3e.jpg,239.0,230.0,243.0,96.0,17.0,244.0,234.0,131.0,133.0,235.0,133.0,123.0,110.0,90.0,126.0
img45_jpg.rf.4e2e371f6612edd988765d40b7c46d9f.jpg,239.0,203.0,185.0,10.0,60.0,239.0,212.0,148.0,113.0,215.0,138.0,142.0,79.0,59.0,54.0
img2_jpg.rf.121ca1c2e891e70c38027d46467c529a.jpg,190.0,146.0,140.0,26.0,72.0,190.0,158.0,151.0,117.0,164.0,144.0,138.0,50.0,18.0,17.0
winter40.jpg,185.0,143.0,129.0,8.0,78.0,185.0,154.0,150.0,114.0,160.0,142.0,141.0,34.0,39.0,42.0
img45_jpg.rf.95162fedaecd3a45881b20b6b758279f.jpg,167.0,132.0,113.0,11.0,89.0,167.0,140.0,147.0,113.0,147.0,139.0,144.0,85.0,57.0,29.0
fall5.jpg,216.0,164.0,143.0,9.0,90.0,216.0,177.0,156.0,109.0,182.0,145.0,147.0,28.0,14.0,15.0
summer38.jpg,213.0,185.0,172.0,13.0,51.0,213.0,192.0,143.0,117.0,197.0,136.0,138.0,31.0,33.0,36.0
img5_jpg.rf.94b29890f8cacddb00ed60cbbfc758da.jpg,216.0,186.0,158.0,15.0,70.0,216.0,192.0,145.0,109.0,197.0,135.0,146.0,75.0,73.0,67.0
img29_jpg.rf.75c457ac476ba1a46482f14b884f65db.jpg,240.0,211.0,194.0,12.0,50.0,240.0,218.0,144.0,115.0,220.0,136.0,140.0,94.0,71.0,62.0
fall8.jpg,202.0,148.0,120.0,10.0,106.0,202.0,161.0,157.0,105.0,167.0,145.0,151.0,44.0,30.0,25.0
img97_jpg.rf.fceb50cc2484073679baa95bcb187e82.jpg,201.0,178.0,169.0,9.0,42.0,201.0,184.0,140.0,119.0,189.0,135.0,136.0,109.0,93.0,86.0
img12_jpg.rf.11aa2eae9385275c64c791ca7f235146.jpg,158.0,117.0,98.0,10.0,100.0,158.0,127.0,150.0,111.0,135.0,141.0,145.0,53.0,35.0,26.0
spring6.jpg,184.0,145.0,130.0,9.0,77.0,184.0,155.0,149.0,114.0,161.0,140.0,142.0,59.0,38.0,25.0
img2_jpg.rf.0b21513d57873e97826272c0c37e3373.jpg,212.0,193.0,182.0,11.0,38.0,212.0,197.0,139.0,119.0,202.0,133.0,136.0,44.0,33.0,27.0
summer49.jpg,214.0,181.0,164.0,11.0,62.0,214.0,189.0,146.0,114.0,193.0,137.0,141.0,48.0,46.0,45.0
fall23.jpg,182.0,134.0,110.0,10.0,107.0,182.0,146.0,154.0,108.0,153.0,143.0,149.0,44.0,30.0,27.0
img4_jpg.rf.5c977d6b9754a487d788711ebe2e5fe9.jpg,173.0,139.0,122.0,10.0,78.0,173.0,147.0,147.0,114.0,154.0,139.0,142.0,76.0,62.0,53.0
img99_jpg.rf.b88d295778ba75b8d3b5bc2865885cab.jpg,147.0,100.0,83.0,11.0,112.0,147.0,112.0,153.0,111.0,120.0,145.0,145.0,62.0,43.0,46.0
winter24.jpg,214.0,170.0,156.0,12.0,72.0,214.0,181.0,151.0,114.0,186.0,143.0,141.0,65.0,52.0,47.0
winter18.jpg,221.0,170.0,151.0,11.0,86.0,221.0,183.0,155.0,110.0,188.0,144.0,146.0,38.0,21.0,21.0
img37_jpg.rf.cc30744a84b87620da19f2067859f7d6.jpg,169.0,136.0,122.0,15.0,75.0,169.0,144.0,146.0,116.0,151.0,139.0,140.0,95.0,55.0,31.0
img58_jpg.rf.587e3ec29c83c8aa0883937654d3a4d7.jpg,129.0,96.0,78.0,11.0,107.0,129.0,104.0,146.0,113.0,111.0,139.0,144.0,108.0,70.0,39.0
img20_jpg.rf.f0494760540925b8eb1b01ef29beee67.jpg,236.0,196.0,173.0,11.0,71.0,236.0,205.0,150.0,110.0,209.0,139.0,145.0,63.0,51.0,45.0
img27_jpg.rf.c3f0e8e4b185715bc05378c014f1657d.jpg,204.0,169.0,157.0,8.0,66.0,204.0,178.0,147.0,116.0,182.0,139.0,139.0,52.0,36.0,30.0
spring2.jpg,203.0,169.0,154.0,11.0,65.0,204.0,177.0,147.0,115.0,182.0,139.0,141.0,43.0,52.0,60.0
summer36.jpg,231.0,197.0,182.0,13.0,55.0,231.0,206.0,146.0,115.0,209.0,138.0,140.0,66.0,63.0,67.0
winter34.jpg,190.0,162.0,155.0,24.0,51.0,190.0,170.0,143.0,120.0,175.0,137.0,136.0,42.0,42.0,45.0
img35_jpg.rf.a61d4544815de126942ec6688032b330.jpg,221.0,201.0,183.0,18.0,48.0,221.0,205.0,139.0,115.0,209.0,132.0,140.0,110.0,98.0,90.0
img96_jpg.rf.cb793f973d23f476d48c0cfca3099107.jpg,183.0,135.0,102.0,13.0,119.0,183.0,145.0,155.0,103.0,152.0,143.0,153.0,34.0,18.0,12.0
img32_jpg.rf.8c00176bf569f73e6a19e75c3a91f6e9.jpg,240.0,218.0,204.0,17.0,41.0,240.0,223.0,140.0,117.0,225.0,134.0,138.0,91.0,79.0,78.0
img11_jpg.rf.f7495af059364465b106c7e873e2179f.jpg,136.0,110.0,101.0,16.0,74.0,136.0,117.0,142.0,119.0,123.0,137.0,137.0,16.0,9.0,10.0
img10_jpg.rf.edba91a3d430c1b8dfe87ad5b1551241.jpg,218.0,197.0,199.0,95.0,29.0,218.0,204.0,138.0,125.0,206.0,136.0,130.0,97.0,82.0,95.0
spring45.jpg,179.0,154.0,148.0,10.0,46.0,179.0,161.0,141.0,121.0,167.0,136.0,135.0,28.0,26.0,27.0
img22_jpg.rf.cfe1e63c0428c67cd5429134e741a554.jpg,153.0,122.0,103.0,12.0,93.0,153.0,129.0,145.0,113.0,136.0,137.0,144.0,33.0,27.0,23.0
summer47.jpg,218.0,171.0,153.0,12.0,78.0,218.0,183.0,153.0,111.0,187.0,143.0,144.0,60.0,39.0,36.0
fall44.jpg,207.0,164.0,148.0,9.0,76.0,207.0,175.0,151.0,113.0,180.0,142.0,143.0,52.0,49.0,48.0
img83_jpg.rf.dc5d98424cd24faf436a9e9a75f0dbcb.jpg,119.0,90.0,87.0,44.0,88.0,119.0,98.0,143.0,122.0,103.0,139.0,134.0,19.0,8.0,19.0
img21_jpg.rf.9f2e4cd2d2c7ce06b1192a7f29334412.jpg,181.0,143.0,148.0,103.0,65.0,182.0,155.0,147.0,124.0,160.0,144.0,130.0,27.0,16.0,74.0
img16_jpg.rf.dbf30944d63786068a580c80bd062454.jpg,221.0,182.0,163.0,10.0,68.0,221.0,192.0,149.0,112.0,196.0,139.0,143.0,73.0,64.0,59.0
summer13.jpg,209.0,170.0,160.0,7.0,63.0,209.0,180.0,149.0,116.0,185.0,141.0,139.0,40.0,35.0,35.0
img88_jpg.rf.8e949415561e7a2acc539da76a9c98eb.jpg,145.0,102.0,89.0,8.0,108.0,145.0,114.0,151.0,114.0,120.0,144.0,143.0,24.0,8.0,8.0
img31_jpg.rf.c981873929d59e7053c90329345e8f3c.jpg,199.0,163.0,148.0,9.0,71.0,199.0,172.0,147.0,114.0,177.0,139.0,141.0,35.0,22.0,21.0
img98_jpg.rf.ac5f346441ce55a23934b83db11c6695.jpg,217.0,199.0,191.0,11.0,31.0,217.0,204.0,138.0,121.0,208.0,133.0,134.0,90.0,87.0,87.0
img13_jpg.rf.f4290c1e157cc30281f00e910dfeaa11.jpg,108.0,94.0,82.0,33.0,85.0,108.0,97.0,136.0,120.0,102.0,132.0,137.0,12.0,22.0,31.0
img1_jpg.rf.052efea93a026e69f1c0f78f47fb7713.jpg,239.0,216.0,211.0,48.0,32.0,239.0,222.0,140.0,122.0,224.0,135.0,134.0,60.0,59.0,58.0
winter15.jpg,189.0,167.0,174.0,130.0,39.0,191.0,174.0,139.0,128.0,179.0,138.0,128.0,41.0,28.0,33.0
spring31.jpg,210.0,167.0,159.0,16.0,64.0,210.0,179.0,150.0,117.0,183.0,143.0,138.0,48.0,30.0,29.0
img41_jpg.rf.0b4fbb029ae8f2fbdbddfa533a944aeb.jpg,216.0,180.0,149.0,14.0,82.0,216.0,187.0,149.0,106.0,193.0,137.0,149.0,219.0,201.0,168.0
img15_jpg.rf.dafd76c08ce4ff6b465703c3edb2608a.jpg,215.0,187.0,142.0,18.0,88.0,215.0,190.0,146.0,101.0,197.0,132.0,154.0,223.0,214.0,165.0
summer1.jpg,221.0,194.0,174.0,13.0,56.0,221.0,200.0,143.0,114.0,204.0,134.0,142.0,60.0,54.0,46.0
summer7.jpg,213.0,165.0,139.0,11.0,94.0,213.0,177.0,154.0,107.0,182.0,142.0,149.0,55.0,48.0,46.0
summer35.jpg,151.0,111.0,94.0,26.0,95.0,151.0,121.0,150.0,113.0,127.0,142.0,143.0,22.0,30.0,40.0
img22_jpg.rf.43cacd62ae6c91b2366ebe406cbe0e2e.jpg,221.0,187.0,172.0,11.0,58.0,221.0,196.0,146.0,115.0,200.0,138.0,140.0,72.0,58.0,58.0
img12_jpg.rf.8a3e825bac17f17bffc448aa3b6d6a7f.jpg,214.0,174.0,154.0,10.0,72.0,214.0,184.0,150.0,111.0,189.0,140.0,144.0,110.0,91.0,82.0
fall39.jpg,211.0,170.0,162.0,14.0,61.0,211.0,182.0,149.0,117.0,186.0,142.0,138.0,73.0,59.0,61.0
spring27.jpg,192.0,155.0,147.0,9.0,61.0,192.0,165.0,147.0,118.0,170.0,140.0,138.0,38.0,36.0,40.0
img23_jpg.rf.67139d85df24c116d26592ee10b857b8.jpg,147.0,130.0,126.0,30.0,43.0,147.0,134.0,137.0,123.0,142.0,134.0,133.0,46.0,52.0,56.0
img7_jpg.rf.af326964310cbd85c980c22d46f0a530.jpg,157.0,111.0,86.0,11.0,122.0,157.0,122.0,153.0,108.0,130.0,143.0,149.0,22.0,11.0,8.0
fall26.jpg,178.0,143.0,122.0,11.0,84.0,178.0,151.0,147.0,112.0,158.0,138.0,144.0,106.0,79.0,64.0
img44_jpg.rf.69df18e17542da060fe66ed75967227b.jpg,236.0,214.0,214.0,93.0,28.0,236.0,221.0,139.0,124.0,223.0,136.0,131.0,178.0,150.0,138.0
img36_jpg.rf.0467b771bd509824db2f912be4559a65.jpg,182.0,150.0,144.0,6.0,56.0,182.0,159.0,145.0,120.0,165.0,139.0,136.0,39.0,25.0,25.0
img30_jpg.rf.4fe6995199738be70aa4d55737cac627.jpg,166.0,129.0,112.0,9.0,88.0,166.0,138.0,148.0,113.0,145.0,140.0,143.0,64.0,30.0,17.0
winter16.jpg,197.0,138.0,117.0,9.0,107.0,197.0,153.0,159.0,108.0,159.0,148.0,148.0,37.0,18.0,16.0
img82_jpg.rf.ba20fad0753e5a6f966f0f8a73ed1397.jpg,168.0,135.0,112.0,16.0,87.0,168.0,142.0,146.0,111.0,150.0,137.0,145.0,119.0,98.0,78.0
img15_jpg.rf.124996fe911325df2de647ef7e5875e1.jpg,240.0,219.0,211.0,14.0,32.0,240.0,224.0,139.0,121.0,226.0,134.0,135.0,120.0,101.0,102.0
img103_jpg.rf.4aa971967a04e0f8ef436ff9862424f7.jpg,200.0,150.0,135.0,11.0,85.0,200.0,163.0,155.0,112.0,169.0,145.0,143.0,22.0,13.0,18.0
spring7.jpg,194.0,152.0,128.0,11.0,87.0,194.0,162.0,151.0,109.0,169.0,140.0,147.0,42.0,44.0,46.0
spring35.jpg,209.0,175.0,169.0,16.0,52.0,209.0,185.0,145.0,119.0,189.0,139.0,136.0,32.0,27.0,27.0
spring30.jpg,174.0,149.0,139.0,11.0,53.0,174.0,155.0,141.0,119.0,162.0,136.0,137.0,29.0,28.0,29.0
img1_jpg.rf.722158b6468a01dcf55cad5ce68d836d.jpg,212.0,188.0,179.0,8.0,42.0,212.0,194.0,141.0,119.0,199.0,135.0,136.0,84.0,64.0,56.0
img83_jpg.rf.b55c312cb246f8e2cde787efaa08d194.jpg,156.0,130.0,130.0,61.0,54.0,157.0,138.0,141.0,123.0,142.0,138.0,132.0,43.0,35.0,53.0
img25_jpg.rf.00ee21cbeb94ab942c080ba559729589.jpg,159.0,130.0,125.0,25.0,67.0,159.0,138.0,143.0,121.0,144.0,139.0,135.0,10.0,4.0,4.0
img36_jpg.rf.3444057bcb4a757248645b52098d20fa.jpg,159.0,127.0,125.0,62.0,60.0,159.0,136.0,144.0,122.0,142.0,140.0,134.0,23.0,15.0,23.0
img12_jpg.rf.e9ba86990cf3eac5732951a0a4e79f15.jpg,242.0,223.0,217.0,18.0,28.0,243.0,228.0,138.0,122.0,230.0,134.0,134.0,138.0,120.0,119.0
img92_jpg.rf.6bd3b407f1f6339378e6863623118b0c.jpg,207.0,165.0,143.0,11.0,78.0,207.0,175.0,151.0,110.0,181.0,140.0,145.0,42.0,41.0,34.0
img32_jpg.rf.97af98af85f8974ebea06674ddcd679b.jpg,208.0,176.0,165.0,9.0,55.0,208.0,184.0,145.0,117.0,189.0,138.0,138.0,50.0,41.0,41.0
img14_jpg.rf.79a19d55c7829117849e0d6634d49fd1.jpg,178.0,146.0,137.0,15.0,68.0,178.0,155.0,145.0,118.0,161.0,139.0,138.0,46.0,14.0,18.0
fall9.jpg,160.0,130.0,143.0,166.0,52.0,161.0,141.0,142.0,129.0,146.0,142.0,125.0,108.0,81.0,106.0
spring47.jpg,214.0,175.0,156.0,10.0,71.0,214.0,185.0,149.0,112.0,190.0,140.0,143.0,58.0,49.0,46.0
img43_jpg.rf.12a01f46f11ad236afb1012ff22dc2b5.jpg,221.0,190.0,186.0,27.0,43.0,221.0,199.0,144.0,121.0,202.0,138.0,134.0,62.0,54.0,51.0
spring26.jpg,208.0,163.0,154.0,7.0,67.0,208.0,175.0,152.0,116.0,180.0,144.0,139.0,47.0,41.0,47.0
img87_jpg.rf.25d48f14da9757c79503fbb50c4f63b3.jpg,162.0,115.0,105.0,13.0,95.0,162.0,128.0,152.0,115.0,134.0,145.0,141.0,23.0,6.0,6.0
img20_jpg.rf.aadb0aeb24d832f4da038489c896bbd9.jpg,238.0,201.0,178.0,12.0,67.0,238.0,210.0,148.0,110.0,213.0,138.0,145.0,69.0,56.0,50.0
img87_jpg.rf.97ee4d23f8603bff11ef5c6bc0d815e0.jpg,186.0,154.0,135.0,11.0,76.0,186.0,161.0,145.0,113.0,167.0,137.0,143.0,51.0,46.0,40.0
img37_jpg.rf.756ba6b7951054c9805deed1a6944713.jpg,250.0,189.0,145.0,13.0,107.0,250.0,202.0,162.0,96.0,207.0,145.0,159.0,153.0,116.0,114.0
img82_jpg.rf.5c9bf15c8df0fa8713f2050a7e8e4c01.jpg,214.0,181.0,158.0,16.0,68.0,214.0,188.0,146.0,111.0,193.0,136.0,144.0,165.0,144.0,124.0
img47_jpg.rf.953cc1d7b1ecdbc928c845426a12b4d2.jpg,148.0,117.0,104.0,9.0,77.0,148.0,125.0,145.0,116.0,132.0,138.0,140.0,104.0,76.0,62.0
img14_jpg.rf.0ae395754a33644a2ed9af8400da6117.jpg,237.0,207.0,189.0,12.0,53.0,237.0,214.0,144.0,114.0,217.0,136.0,141.0,79.0,66.0,65.0
img15_jpg.rf.2cc7cd9dbca135f9941c545750a6fdbd.jpg,244.0,227.0,220.0,16.0,26.0,244.0,231.0,137.0,122.0,233.0,133.0,134.0,130.0,111.0,112.0
summer12.jpg,196.0,160.0,146.0,8.0,66.0,196.0,169.0,147.0,115.0,175.0,139.0,140.0,65.0,58.0,54.0
fall50.jpg,179.0,155.0,137.0,17.0,63.0,179.0,160.0,141.0,115.0,167.0,134.0,141.0,25.0,26.0,28.0
img95_jpg.rf.144727bf2fdfea7f95a1ad4aea539dd9.jpg,158.0,132.0,124.0,13.0,65.0,158.0,139.0,141.0,120.0,145.0,137.0,136.0,33.0,23.0,23.0
fall19.jpg,196.0,168.0,161.0,12.0,48.0,196.0,176.0,143.0,120.0,180.0,137.0,136.0,38.0,39.0,42.0
img30_jpg.rf.b0e41ea7309ce95f8b1a31a73350cb06.jpg,219.0,182.0,165.0,9.0,65.0,219.0,191.0,148.0,113.0,196.0,139.0,142.0,114.0,78.0,59.0
fall41.jpg,191.0,146.0,127.0,9.0,90.0,191.0,157.0,152.0,111.0,163.0,142.0,145.0,20.0,19.0,18.0
summer19.jpg,207.0,163.0,150.0,24.0,72.0,207.0,175.0,151.0,114.0,180.0,143.0,141.0,74.0,59.0,58.0
img33_jpg.rf.c0659b4f08d28c58f14a8911c4714ea5.jpg,248.0,235.0,224.0,20.0,27.0,248.0,238.0,135.0,120.0,239.0,131.0,135.0,117.0,85.0,77.0
fall28.jpg,156.0,120.0,103.0,10.0,90.0,156.0,128.0,147.0,113.0,136.0,140.0,143.0,50.0,34.0,25.0
img93_jpg.rf.b749b2696c1937a60a77b477520616e7.jpg,246.0,229.0,217.0,19.0,31.0,246.0,233.0,138.0,119.0,234.0,132.0,136.0,166.0,165.0,178.0
img1_jpg.rf.27ba12ccdec000d3cf4cb2735bc0c9b8.jpg,232.0,214.0,208.0,15.0,29.0,232.0,219.0,138.0,122.0,221.0,133.0,133.0,86.0,72.0,66.0
img8_jpg.rf.9547939ded8bb907b178e9e06c5be357.jpg,160.0,120.0,111.0,34.0,82.0,160.0,131.0,149.0,117.0,138.0,143.0,139.0,61.0,40.0,40.0
winter35.jpg,221.0,175.0,172.0,40.0,60.0,221.0,188.0,151.0,119.0,192.0,144.0,136.0,37.0,33.0,35.0
img21_jpg.rf.623a908a72280cc4b1f81fbc5c54a9dc.jpg,231.0,195.0,211.0,92.0,51.0,235.0,207.0,145.0,130.0,209.0,144.0,124.0,69.0,50.0,161.0
img42_jpg.rf.57dcd0ec3f4fe46abaa0e0ef72e921b9.jpg,180.0,134.0,156.0,153.0,70.0,182.0,150.0,149.0,131.0,157.0,148.0,125.0,43.0,22.0,38.0
img58_jpg.rf.f78406706e30d4e07c20e21709bbf163.jpg,179.0,142.0,118.0,12.0,90.0,179.0,151.0,149.0,109.0,157.0,139.0,146.0,48.0,43.0,34.0
img12_jpg.rf.0b28a17a82ebc7166eabc18abb6036e0.jpg,189.0,172.0,202.0,137.0,41.0,202.0,181.0,134.0,140.0,184.0,140.0,115.0,52.0,46.0,72.0
img3_jpg.rf.9d51e97d7f275ee577c3b3cf01e4d328.jpg,166.0,131.0,128.0,27.0,69.0,166.0,141.0,146.0,120.0,147.0,141.0,135.0,40.0,8.0,11.0
summer11.jpg,204.0,159.0,136.0,10.0,89.0,204.0,170.0,152.0,109.0,176.0,142.0,147.0,59.0,44.0,41.0
img12_jpg.rf.d9e73662943925c2f1753555267e96f2.jpg,167.0,144.0,136.0,14.0,56.0,167.0,150.0,140.0,120.0,157.0,136.0,136.0,36.0,19.0,15.0
img59_jpg.rf.ec46416f098eec1a8f33c3df63f92d43.jpg,250.0,229.0,224.0,40.0,28.0,250.0,235.0,139.0,122.0,236.0,135.0,133.0,149.0,124.0,139.0
img101_jpg.rf.8d4d8ca74d1c7f3aa56c02780b41d8ab.jpg,180.0,128.0,95.0,14.0,123.0,180.0,140.0,156.0,103.0,148.0,144.0,154.0,47.0,23.0,13.0
img53_jpg.rf.dc620a29320affe3b15c411eabfe97f7.jpg,242.0,221.0,220.0,48.0,26.0,242.0,227.0,138.0,124.0,229.0,135.0,132.0,170.0,142.0,146.0
img52_jpg.rf.797fd9b7c609edf373ee4e1dab92fb93.jpg,228.0,198.0,184.0,14.0,53.0,228.0,206.0,144.0,116.0,209.0,137.0,139.0,85.0,71.0,71.0
winter13.jpg,203.0,164.0,156.0,9.0,60.0,203.0,175.0,148.0,117.0,179.0,141.0,138.0,36.0,33.0,37.0
img34_jpg.rf.6436480aaad9eb58b930369f8e7b81a1.jpg,233.0,191.0,163.0,12.0,78.0,233.0,200.0,152.0,107.0,204.0,140.0,148.0,124.0,89.0,80.0
img13_jpg.rf.9b15103c18a7d6ccc56b282245b5b0fb.jpg,189.0,176.0,164.0,27.0,39.0,189.0,178.0,135.0,120.0,184.0,131.0,136.0,86.0,96.0,102.0
winter17.jpg,187.0,161.0,152.0,10.0,50.0,187.0,168.0,141.0,119.0,173.0,136.0,136.0,24.0,29.0,27.0
summer41.jpg,196.0,166.0,155.0,9.0,57.0,196.0,174.0,144.0,117.0,179.0,137.0,138.0,48.0,40.0,39.0
spring14.jpg,227.0,187.0,179.0,16.0,56.0,227.0,198.0,148.0,118.0,201.0,141.0,137.0,37.0,34.0,34.0
img95_jpg.rf.1b8f516dd33ddca03730a0a2ff7cda57.jpg,233.0,216.0,208.0,16.0,30.0,233.0,220.0,137.0,121.0,223.0,133.0,134.0,105.0,94.0,92.0
img6_jpg.rf.94462c53c0d292876460e5e7f052185d.jpg,203.0,177.0,165.0,10.0,49.0,203.0,184.0,142.0,118.0,188.0,136.0,138.0,50.0,44.0,46.0
img24_jpg.rf.e96955783bf2c561aaf122182d2790cd.jpg,208.0,178.0,176.0,82.0,46.0,208.0,187.0,144.0,122.0,191.0,139.0,133.0,104.0,77.0,78.0
img10_jpg.rf.f98944c82380105b1561d6921ade9b27.jpg,213.0,183.0,173.0,26.0,52.0,214.0,191.0,144.0,118.0,195.0,138.0,137.0,86.0,70.0,63.0
img39_jpg.rf.0754d535d8ec426d7593555f7cbab974.jpg,188.0,154.0,160.0,145.0,50.0,188.0,165.0,145.0,125.0,170.0,142.0,130.0,92.0,52.0,115.0
fall17.jpg,165.0,130.0,119.0,10.0,74.0,165.0,139.0,146.0,117.0,146.0,140.0,139.0,39.0,39.0,38.0
img58_jpg.rf.69ae290b12916c6ba6aca79ae7741b90.jpg,139.0,106.0,87.0,11.0,99.0,139.0,114.0,146.0,113.0,121.0,138.0,144.0,115.0,77.0,46.0
img17_jpg.rf.2eb218f2db06f34609fc8ad678accfe3.jpg,187.0,150.0,150.0,65.0,56.0,187.0,161.0,147.0,121.0,167.0,142.0,134.0,28.0,25.0,26.0
img41_jpg.rf.75702f7c620eeb4f4612a2ec7719e69e.jpg,167.0,144.0,126.0,14.0,71.0,167.0,149.0,141.0,115.0,156.0,134.0,141.0,105.0,85.0,59.0
img16_jpg.rf.c2a313b88383123598d26475e35f6db1.jpg,120.0,90.0,55.0,16.0,147.0,120.0,95.0,146.0,105.0,103.0,136.0,153.0,15.0,6.0,4.0
img7_jpg.rf.68f7e1f9a2a38020567d223edd465539.jpg,148.0,102.0,77.0,11.0,130.0,148.0,113.0,153.0,108.0,120.0,144.0,150.0,19.0,10.0,7.0
img3_jpg.rf.e12805ca12bc95a905b91df43d224171.jpg,195.0,159.0,156.0,29.0,57.0,195.0,170.0,146.0,120.0,174.0,141.0,135.0,64.0,26.0,30.0
img20_jpg.rf.2e19b2259c3f20b61fed3775df9ee255.jpg,186.0,149.0,120.0,13.0,96.0,186.0,157.0,149.0,107.0,164.0,138.0,149.0,24.0,21.0,17.0
spring50.jpg,187.0,166.0,150.0,13.0,52.0,187.0,170.0,140.0,117.0,176.0,133.0,139.0,42.0,49.0,46.0
img33_jpg.rf.55f6b9fc2f97349c9b2c39e15742a037.jpg,221.0,187.0,164.0,14.0,68.0,221.0,195.0,147.0,111.0,199.0,137.0,144.0,185.0,152.0,121.0
img52_jpg.rf.cfed9d6d278967cad2e303e5117907c5.jpg,226.0,191.0,174.0,10.0,60.0,226.0,199.0,147.0,113.0,203.0,138.0,141.0,114.0,87.0,73.0
img27_jpg.rf.d9455023d9a3246d3c1d64bf5b7ec68e.jpg,202.0,167.0,155.0,8.0,67.0,202.0,176.0,147.0,116.0,180.0,139.0,139.0,53.0,36.0,30.0
winter4.jpg,195.0,144.0,118.0,10.0,102.0,195.0,156.0,156.0,106.0,163.0,144.0,150.0,35.0,27.0,23.0
img11_jpg.rf.6dc03220db955166f5ecc766659fee84.jpg,240.0,220.0,211.0,17.0,32.0,240.0,225.0,139.0,120.0,227.0,134.0,135.0,104.0,97.0,99.0
img29_jpg.rf.e428fadd419e318a42754a8f012872d8.jpg,184.0,134.0,116.0,8.0,97.0,184.0,147.0,155.0,111.0,153.0,145.0,145.0,42.0,17.0,11.0
img4_jpg.rf.3cc4d97e198ce08607214ed06d07d4ac.jpg,248.0,216.0,199.0,14.0,51.0,248.0,223.0,145.0,114.0,226.0,137.0,141.0,126.0,127.0,136.0
img27_jpg.rf.7ba06d42a9b755a34c10e198c107a513.jpg,177.0,141.0,129.0,8.0,78.0,177.0,150.0,147.0,116.0,156.0,140.0,140.0,50.0,32.0,27.0
img29_jpg.rf.4d12d240a1563ea6cb323c3824aaa68d.jpg,179.0,135.0,124.0,7.0,86.0,180.0,147.0,151.0,115.0,153.0,144.0,141.0,61.0,47.0,38.0
img91_jpg.rf.e6138cc4569476ec53cc9dc2b5d46161.jpg,210.0,165.0,136.0,13.0,89.0,210.0,175.0,153.0,106.0,181.0,141.0,149.0,57.0,46.0,58.0
img10_jpg.rf.3f7aa7a8e869ca79702d7b8e4fc25911.jpg,227.0,198.0,188.0,24.0,47.0,227.0,205.0,144.0,118.0,209.0,137.0,137.0,101.0,85.0,79.0
img48_jpg.rf.5d395edf20f996e6e2293d0627ab5b8c.jpg,163.0,126.0,117.0,21.0,80.0,163.0,136.0,147.0,118.0,142.0,142.0,138.0,29.0,14.0,15.0
summer10.jpg,216.0,163.0,138.0,10.0,95.0,216.0,176.0,156.0,107.0,181.0,144.0,149.0,66.0,43.0,33.0
img1_jpg.rf.ea9b918b2563fdf4644f573890c3eb29.jpg,191.0,167.0,162.0,51.0,43.0,191.0,174.0,141.0,121.0,179.0,136.0,134.0,35.0,33.0,35.0
img35_jpg.rf.404f5db0450b09138f94d35b6b9deb9f.jpg,178.0,139.0,131.0,8.0,70.0,178.0,150.0,148.0,117.0,156.0,141.0,138.0,51.0,28.0,29.0
summer8.jpg,204.0,161.0,146.0,8.0,76.0,204.0,172.0,151.0,113.0,178.0,142.0,142.0,36.0,32.0,32.0
img91_jpg.rf.4f80f14653afc6c2cba56d8032709a53.jpg,159.0,114.0,85.0,13.0,119.0,159.0,124.0,153.0,106.0,132.0,142.0,151.0,26.0,15.0,19.0
img38_jpg.rf.00800f5536da72ea0dd1fd8c3253ab10.jpg,181.0,161.0,153.0,11.0,43.0,181.0,166.0,139.0,121.0,172.0,134.0,135.0,41.0,28.0,23.0
img10_jpg.rf.8130f48940636a3a73e1eaef3148e154.jpg,193.0,168.0,170.0,114.0,40.0,193.0,176.0,140.0,125.0,180.0,138.0,130.0,66.0,51.0,64.0
img16_jpg.rf.a5febde335b9eb11dcc149785ab87675.jpg,238.0,212.0,200.0,11.0,42.0,238.0,218.0,142.0,118.0,221.0,135.0,138.0,97.0,87.0,80.0
img13_jpg.rf.228e65d7dbdf986761e1905243d0d672.jpg,143.0,100.0,43.0,17.0,180.0,143.0,107.0,154.0,92.0,117.0,139.0,166.0,86.0,46.0,4.0
img29_jpg.rf.557c8baeff461ccde8512208c28fbade.jpg,237.0,190.0,172.0,8.0,71.0,237.0,202.0,153.0,111.0,206.0,142.0,143.0,96.0,72.0,65.0
img1_jpg.rf.fed376d93310b2e31118c2be31b1aae5.jpg,188.0,169.0,163.0,15.0,38.0,188.0,174.0,138.0,122.0,180.0,134.0,134.0,47.0,34.0,28.0
img89_jpg.rf.e94bc7d25ca5ea01706cdcaac2d79703.jpg,239.0,205.0,183.0,12.0,62.0,239.0,213.0,147.0,111.0,216.0,136.0,144.0,89.0,59.0,43.0
img20_jpg.rf.cb6dba74634a15ac03d89bd377330dfc.jpg,221.0,176.0,153.0,10.0,82.0,221.0,186.0,152.0,109.0,191.0,141.0,146.0,43.0,30.0,25.0
img59_jpg.rf.f54a7e2ab8e9f1b72bbcac4f7958d6b3.jpg,186.0,155.0,134.0,13.0,76.0,186.0,162.0,145.0,112.0,169.0,137.0,144.0,77.0,8.0,4.0
fall20.jpg,210.0,169.0,149.0,10.0,78.0,210.0,179.0,150.0,111.0,184.0,140.0,144.0,43.0,36.0,30.0
img96_jpg.rf.542e227a85f2b6b053e5002ba36e84ab.jpg,177.0,139.0,115.0,11.0,95.0,177.0,148.0,149.0,110.0,155.0,139.0,147.0,28.0,22.0,22.0
img60_jpg.rf.750380d4500ba551cef231ff53a23ea6.jpg,233.0,221.0,239.0,127.0,23.0,241.0,227.0,133.0,135.0,228.0,136.0,120.0,97.0,77.0,113.0
img37_jpg.rf.776744a76f094227fc68236fef21c3dd.jpg,174.0,143.0,136.0,11.0,60.0,174.0,151.0,144.0,119.0,157.0,139.0,136.0,16.0,9.0,11.0
winter42.jpg,206.0,172.0,165.0,15.0,53.0,206.0,181.0,145.0,118.0,186.0,139.0,137.0,38.0,36.0,28.0
img31_jpg.rf.e6bf7e004d00dd9eb087553417bafc46.jpg,217.0,181.0,166.0,9.0,64.0,217.0,190.0,147.0,114.0,194.0,139.0,141.0,52.0,39.0,38.0
img34_jpg.rf.1fcdc96f950486b6c41a3be49dd94054.jpg,201.0,172.0,179.0,129.0,42.0,201.0,181.0,142.0,127.0,185.0,140.0,128.0,172.0,163.0,150.0
img58_jpg.rf.dd1dd176715fdfebc96f1230eb351518.jpg,181.0,149.0,130.0,11.0,75.0,181.0,156.0,146.0,113.0,163.0,137.0,143.0,149.0,112.0,80.0
fall2.jpg,218.0,172.0,152.0,9.0,80.0,218.0,184.0,153.0,110.0,188.0,142.0,145.0,55.0,52.0,53.0
img14_jpg.rf.1c8745f754eba6ec4e576602a820820c.jpg,217.0,187.0,168.0,11.0,59.0,217.0,194.0,145.0,114.0,198.0,136.0,141.0,58.0,45.0,44.0
img105_jpg.rf.9d77f01991fe2ffe147b5c5d33eb2197.jpg,180.0,118.0,90.0,10.0,131.0,180.0,134.0,161.0,103.0,141.0,149.0,154.0,48.0,12.0,7.0
img32_jpg.rf.c66cd23b3c5905eea16ecb5d5b8af41d.jpg,228.0,211.0,202.0,14.0,30.0,228.0,215.0,137.0,121.0,218.0,132.0,135.0,89.0,82.0,75.0
img43_jpg.rf.1f5c3039b827b26dce20285104ed3768.jpg,194.0,169.0,170.0,91.0,40.0,194.0,177.0,141.0,124.0,181.0,138.0,131.0,74.0,55.0,63.0
img30_jpg.rf.097e702ceab7135096093358af30d784.jpg,222.0,185.0,168.0,9.0,64.0,222.0,194.0,148.0,113.0,198.0,139.0,142.0,117.0,81.0,61.0
img25_jpg.rf.abb1f68faa8d42f657e9ea4b0ed55a51.jpg,223.0,198.0,193.0,30.0,39.0,223.0,205.0,141.0,121.0,208.0,136.0,134.0,37.0,34.0,36.0
img34_jpg.rf.58967bf5b462ee151b4fc6d5c39e8e30.jpg,186.0,157.0,164.0,130.0,46.0,186.0,166.0,142.0,127.0,171.0,140.0,128.0,158.0,148.0,136.0
img47_jpg.rf.d34748fcbdcb58a1ea8057fbf0f1c99a.jpg,226.0,182.0,164.0,9.0,72.0,226.0,193.0,151.0,111.0,197.0,141.0,143.0,75.0,60.0,58.0
img35_jpg.rf.215df85d3256b32b51e5dfe77c437d0f.jpg,211.0,173.0,164.0,8.0,58.0,211.0,183.0,148.0,117.0,188.0,141.0,138.0,84.0,61.0,62.0
img40_jpg.rf.3fd40cf17b49d62031ddf183d3ad1a59.jpg,110.0,84.0,79.0,34.0,76.0,110.0,92.0,141.0,121.0,97.0,138.0,135.0,49.0,32.0,37.0
spring22.jpg,229.0,170.0,150.0,8.0,91.0,229.0,185.0,159.0,108.0,190.0,147.0,147.0,50.0,31.0,27.0
img4_jpg.rf.8bec7bf3f2c439973c32fd8cdf607565.jpg,187.0,134.0,117.0,10.0,97.0,187.0,148.0,156.0,111.0,155.0,146.0,145.0,45.0,47.0,56.0
spring23.jpg,204.0,158.0,131.0,12.0,95.0,204.0,169.0,153.0,107.0,175.0,142.0,149.0,74.0,52.0,41.0
img41_jpg.rf.0b51e4e7bc23898705180e078cddf417.jpg,208.0,172.0,141.0,14.0,85.0,208.0,179.0,149.0,106.0,186.0,137.0,149.0,212.0,193.0,160.0
summer4.jpg,179.0,141.0,132.0,13.0,71.0,179.0,151.0,148.0,117.0,157.0,141.0,139.0,24.0,23.0,29.0
fall3.jpg,210.0,173.0,169.0,31.0,53.0,210.0,184.0,147.0,119.0,188.0,141.0,136.0,50.0,42.0,64.0
fall49.jpg,216.0,185.0,170.0,10.0,55.0,216.0,193.0,145.0,115.0,197.0,137.0,140.0,77.0,61.0,57.0
img22_jpg.rf.e934bb41eb3023f207aac549e9dab606.jpg,176.0,145.0,125.0,12.0,80.0,176.0,152.0,145.0,113.0,158.0,137.0,143.0,33.0,27.0,22.0
img101_jpg.rf.b70bdcfe800100719548f0d608752563.jpg,220.0,169.0,136.0,14.0,99.0,220.0,181.0,156.0,103.0,186.0,142.0,152.0,85.0,61.0,49.0
img41_jpg.rf.4b359a3bf88c47c5c74c61549a16e78d.jpg,165.0,151.0,140.0,14.0,44.0,165.0,154.0,136.0,120.0,161.0,132.0,136.0,36.0,24.0,19.0
img41_jpg.rf.3fc888ee26dbd8f6bdc382750cd190f5.jpg,225.0,211.0,200.0,14.0,30.0,226.0,214.0,136.0,120.0,217.0,131.0,135.0,82.0,70.0,65.0
img28_jpg.rf.4bfdd674d9a5206675dd99387d5bcf51.jpg,133.0,101.0,82.0,11.0,104.0,133.0,109.0,145.0,113.0,115.0,138.0,144.0,25.0,18.0,12.0
img59_jpg.rf.57ddd24f3e9a2da9d8f4074edc5604ea.jpg,251.0,233.0,215.0,21.0,38.0,251.0,236.0,138.0,116.0,238.0,131.0,140.0,153.0,74.0,58.0
img33_jpg.rf.617bf649d019655e500c5eaf51e35aab.jpg,248.0,234.0,221.0,20.0,28.0,248.0,236.0,136.0,120.0,238.0,131.0,136.0,114.0,82.0,74.0
img32_jpg.rf.3d098ead6cfd39e70aeab4f989c34283.jpg,157.0,125.0,113.0,10.0,78.0,157.0,133.0,145.0,117.0,139.0,139.0,139.0,19.0,13.0,13.0
fall11.jpg,205.0,166.0,151.0,9.0,73.0,205.0,176.0,148.0,114.0,181.0,140.0,142.0,41.0,31.0,27.0
img28_jpg.rf.8675edbf651f9d1d648bad3570753666.jpg,213.0,178.0,153.0,13.0,74.0,213.0,186.0,148.0,110.0,191.0,137.0,146.0,72.0,62.0,50.0
winter50.jpg,193.0,144.0,128.0,10.0,89.0,193.0,157.0,153.0,112.0,162.0,144.0,144.0,73.0,56.0,53.0
summer39.jpg,188.0,158.0,142.0,10.0,66.0,188.0,165.0,144.0,115.0,171.0,137.0,140.0,31.0,29.0,32.0
img105_jpg.rf.45df19c8bc93094b63c6283374123ad4.jpg,199.0,138.0,110.0,10.0,118.0,199.0,153.0,161.0,103.0,160.0,148.0,153.0,58.0,20.0,12.0
fall43.jpg,163.0,121.0,113.0,27.0,81.0,163.0,133.0,150.0,117.0,139.0,143.0,139.0,66.0,53.0,65.0
img47_jpg.rf.17cecd382ae719409efbc545187916c9.jpg,222.0,191.0,178.0,9.0,50.0,222.0,199.0,145.0,117.0,203.0,137.0,138.0,174.0,146.0,133.0
spring38.jpg,177.0,138.0,121.0,9.0,83.0,177.0,148.0,149.0,113.0,154.0,141.0,143.0,25.0,20.0,20.0
img57_jpg.rf.19128bf578b789391a66dc2d6d63257c.jpg,197.0,168.0,160.0,8.0,50.0,197.0,176.0,143.0,119.0,181.0,137.0,136.0,29.0,26.0,26.0
img37_jpg.rf.7d420b3b2dbeabf6379d02ec57aa3eab.jpg,191.0,158.0,145.0,16.0,66.0,191.0,167.0,145.0,116.0,173.0,138.0,140.0,116.0,75.0,46.0
img13_jpg.rf.837860c83b4e5018ee68fc104b08da90.jpg,222.0,184.0,164.0,10.0,68.0,222.0,193.0,148.0,112.0,198.0,139.0,143.0,114.0,97.0,83.0
img21_jpg.rf.c0a621842bf097cb4154fdddad958377.jpg,141.0,103.0,107.0,102.0,85.0,141.0,115.0,147.0,124.0,120.0,144.0,132.0,7.0,2.0,31.0
spring13.jpg,217.0,185.0,174.0,9.0,53.0,217.0,194.0,145.0,117.0,198.0,138.0,138.0,42.0,34.0,36.0
img18_jpg.rf.a0cbd206c5cd2fde11e8a20457201a12.jpg,191.0,164.0,154.0,22.0,52.0,191.0,171.0,142.0,119.0,177.0,137.0,137.0,72.0,54.0,47.0
winter44.jpg,194.0,164.0,153.0,11.0,60.0,194.0,172.0,144.0,117.0,177.0,138.0,138.0,44.0,35.0,35.0
img28_jpg.rf.d93330d18449130ff686a428192d88a4.jpg,161.0,130.0,110.0,12.0,83.0,161.0,137.0,145.0,113.0,144.0,137.0,143.0,43.0,37.0,32.0
img89_jpg.rf.8ea890319ca30f988bf3273190e2d413.jpg,179.0,161.0,161.0,53.0,28.0,179.0,167.0,137.0,125.0,173.0,134.0,130.0,69.0,48.0,46.0
img38_jpg.rf.a16ec62bab0ebfd1b7e8d7f6c42d874c.jpg,166.0,135.0,121.0,10.0,75.0,166.0,143.0,145.0,116.0,149.0,138.0,140.0,45.0,29.0,23.0
img98_jpg.rf.be0311f631e36a6aeec4a8cbe6f32033.jpg,146.0,123.0,116.0,25.0,60.0,146.0,129.0,140.0,120.0,135.0,136.0,135.0,11.0,9.0,13.0
fall31.jpg,213.0,181.0,172.0,8.0,54.0,213.0,190.0,145.0,118.0,194.0,138.0,137.0,51.0,36.0,33.0
img54_jpg.rf.5430569756f4e6fa7f610cbff33a808b.jpg,248.0,225.0,193.0,20.0,57.0,248.0,228.0,142.0,108.0,231.0,131.0,146.0,114.0,96.0,87.0
fall29.jpg,212.0,174.0,167.0,16.0,56.0,212.0,185.0,148.0,118.0,189.0,141.0,137.0,59.0,45.0,43.0
img57_jpg.rf.f5759d91c1e56304f54d204ffcd82451.jpg,232.0,215.0,208.0,13.0,28.0,232.0,219.0,137.0,122.0,222.0,133.0,134.0,78.0,75.0,75.0
img87_jpg.rf.e53c082ec887075da628510f6205b67e.jpg,236.0,201.0,191.0,17.0,49.0,236.0,210.0,146.0,117.0,213.0,139.0,137.0,93.0,65.0,62.0
spring40.jpg,213.0,188.0,174.0,12.0,48.0,213.0,194.0,142.0,117.0,199.0,135.0,138.0,63.0,58.0,60.0
img28_jpg.rf.bc1716ab8a7552ea4402acd130864639.jpg,229.0,196.0,171.0,13.0,65.0,229.0,203.0,146.0,110.0,207.0,136.0,145.0,90.0,80.0,68.0
img5_jpg.rf.d915e9b52c07986724f27fdbf475939a.jpg,251.0,244.0,222.0,24.0,30.0,251.0,243.0,133.0,116.0,245.0,127.0,140.0,141.0,139.0,133.0
img37_jpg.rf.1f963217da04ceed3d9f4fe0ad37f63a.jpg,203.0,130.0,86.0,11.0,147.0,203.0,147.0,168.0,94.0,156.0,152.0,163.0,94.0,57.0,55.0
img46_jpg.rf.f637808a9db10e2e8fbf52f8f754e620.jpg,170.0,134.0,118.0,9.0,82.0,170.0,143.0,147.0,114.0,149.0,140.0,142.0,63.0,52.0,45.0
img13_jpg.rf.d44022ee0c545e12341d51daf32e47da.jpg,141.0,115.0,132.0,160.0,57.0,142.0,124.0,140.0,132.0,130.0,141.0,122.0,8.0,9.0,29.0
summer48.jpg,223.0,172.0,156.0,8.0,78.0,223.0,185.0,155.0,112.0,190.0,145.0,143.0,58.0,47.0,49.0
img103_jpg.rf.689d4caab7e137080049f20f86abccea.jpg,234.0,185.0,171.0,11.0,70.0,234.0,198.0,153.0,112.0,202.0,143.0,142.0,51.0,43.0,46.0
img80_jpg.rf.ded2a162f7547b75f47be76d0a948de4.jpg,223.0,196.0,188.0,15.0,43.0,223.0,203.0,142.0,120.0,206.0,137.0,136.0,61.0,55.0,55.0
img91_jpg.rf.6fbb37a075a53355e81dde26a10e0efa.jpg,154.0,109.0,80.0,13.0,123.0,154.0,119.0,153.0,106.0,127.0,142.0,151.0,29.0,16.0,18.0
img6_jpg.rf.081a470dc44ed30a77948b3a2449ea09.jpg,165.0,141.0,143.0,100.0,42.0,165.0,149.0,139.0,125.0,155.0,137.0,130.0,51.0,33.0,40.0
img23_jpg.rf.f5a5ac15a5bb96130038aefacf590843.jpg,192.0,175.0,171.0,30.0,31.0,193.0,180.0,137.0,123.0,186.0,134.0,132.0,72.0,82.0,87.0
spring43.jpg,189.0,151.0,144.0,13.0,68.0,189.0,162.0,148.0,118.0,166.0,142.0,137.0,56.0,45.0,50.0
img1_jpg.rf.093564fd2e2833be5743a8287990ac5d.jpg,241.0,227.0,221.0,20.0,23.0,241.0,231.0,135.0,123.0,232.0,132.0,133.0,99.0,85.0,79.0
img3_jpg.rf.188574df511a82585748c5509bb9a01d.jpg,194.0,162.0,146.0,11.0,67.0,194.0,170.0,145.0,114.0,175.0,137.0,141.0,59.0,43.0,41.0
summer31.jpg,210.0,180.0,168.0,11.0,53.0,210.0,188.0,144.0,117.0,192.0,137.0,138.0,28.0,27.0,37.0
img55_jpg.rf.0c77d922b78113a9aaadbacad19369f2.jpg,183.0,158.0,155.0,30.0,42.0,183.0,165.0,141.0,122.0,171.0,137.0,133.0,29.0,24.0,34.0
img53_jpg.rf.716df9c06f1f422a843e2cac5b9206c0.jpg,88.0,74.0,77.0,128.0,56.0,88.0,78.0,135.0,127.0,83.0,135.0,128.0,36.0,31.0,34.0
img37_jpg.rf.c8d22e0e17a2eac115b48c830af611dc.jpg,187.0,156.0,148.0,11.0,55.0,187.0,164.0,144.0,119.0,170.0,138.0,136.0,17.0,9.0,13.0
winter20.jpg,196.0,161.0,146.0,25.0,71.0,197.0,170.0,147.0,115.0,175.0,139.0,140.0,37.0,28.0,29.0
img85_jpg.rf.6e2517cb6167d384853a7dd533f1e8f4.jpg,248.0,231.0,236.0,105.0,19.0,248.0,237.0,136.0,128.0,238.0,135.0,128.0,135.0,98.0,110.0
fall42.jpg,208.0,175.0,166.0,9.0,54.0,208.0,184.0,146.0,118.0,188.0,139.0,137.0,39.0,37.0,42.0
fall40.jpg,191.0,164.0,155.0,12.0,53.0,191.0,171.0,142.0,119.0,177.0,137.0,137.0,101.0,77.0,54.0
img16_jpg.rf.a1c48241aa4d7b4b6145cf8d5860d298.jpg,128.0,98.0,62.0,16.0,139.0,128.0,103.0,146.0,105.0,111.0,136.0,153.0,17.0,7.0,4.0
summer26.jpg,172.0,137.0,113.0,12.0,90.0,172.0,145.0,147.0,110.0,153.0,138.0,146.0,58.0,53.0,47.0
img48_jpg.rf.e7f8ee0eac84fd693c369b14a6492766.jpg,240.0,214.0,208.0,28.0,37.0,240.0,221.0,141.0,120.0,223.0,136.0,135.0,105.0,87.0,88.0
img47_jpg.rf.78161cc7ca1f23e62fcf3f7995ec6a6c.jpg,128.0,96.0,84.0,9.0,89.0,128.0,104.0,145.0,117.0,111.0,139.0,140.0,84.0,56.0,42.0
img2_jpg.rf.b3b87b5e8be26b6a9d7f641d0cbad71d.jpg,181.0,165.0,184.0,133.0,39.0,189.0,172.0,134.0,135.0,177.0,137.0,121.0,20.0,14.0,25.0
spring28.jpg,180.0,154.0,144.0,9.0,56.0,180.0,160.0,142.0,118.0,166.0,136.0,137.0,44.0,37.0,35.0
fall22.jpg,200.0,156.0,143.0,7.0,78.0,200.0,168.0,151.0,114.0,172.0,143.0,141.0,59.0,40.0,36.0
img32_jpg.rf.855effb6ffc3b54ad6da696ba736b492.jpg,220.0,181.0,165.0,9.0,68.0,220.0,191.0,149.0,113.0,195.0,140.0,142.0,52.0,40.0,39.0
img41_jpg.rf.87ed5610b7bfcf913c63fc7f0e02a0b1.jpg,248.0,222.0,192.0,18.0,58.0,248.0,226.0,143.0,109.0,229.0,133.0,146.0,249.0,234.0,205.0
img24_jpg.rf.8a10d9903c2ce5e2e56b042873d2cfa8.jpg,219.0,181.0,163.0,10.0,66.0,219.0,190.0,148.0,113.0,195.0,139.0,142.0,94.0,78.0,70.0
img97_jpg.rf.4d9ab89c4d0c67bb46eedf28c33e07c2.jpg,145.0,122.0,113.0,8.0,61.0,145.0,128.0,140.0,119.0,135.0,136.0,136.0,57.0,41.0,34.0
img36_jpg.rf.1c77a5f4fe173a0365d703843b0c5e6c.jpg,174.0,142.0,140.0,61.0,54.0,174.0,151.0,144.0,122.0,157.0,140.0,133.0,27.0,18.0,26.0
img17_jpg.rf.c555fede6b312637d7ff688e3b801a32.jpg,216.0,183.0,170.0,23.0,56.0,216.0,192.0,145.0,116.0,196.0,138.0,139.0,125.0,99.0,82.0
winter14.jpg,212.0,168.0,150.0,10.0,78.0,212.0,179.0,152.0,111.0,184.0,142.0,144.0,48.0,28.0,19.0
img13_jpg.rf.543768c82eaeaef243852156b3bf94f3.jpg,196.0,159.0,139.0,10.0,78.0,196.0,168.0,148.0,112.0,174.0,139.0,144.0,92.0,74.0,60.0
img13_jpg.rf.cc5a31145f80445565f3d20800f81d98.jpg,135.0,93.0,37.0,17.0,188.0,135.0,99.0,154.0,93.0,110.0,140.0,166.0,78.0,38.0,3.0
img29_jpg.rf.3c46e9ad09269243ab3a45a635db31f8.jpg,241.0,220.0,224.0,128.0,24.0,241.0,227.0,138.0,127.0,228.0,136.0,129.0,110.0,87.0,84.0
img18_jpg.rf.195c9f422d556a520c730f79858e34f3.jpg,223.0,191.0,186.0,19.0,46.0,223.0,200.0,144.0,120.0,203.0,139.0,135.0,101.0,44.0,32.0
summer46.jpg,188.0,148.0,132.0,9.0,81.0,188.0,158.0,149.0,113.0,164.0,141.0,142.0,53.0,32.0,29.0
img48_jpg.rf.88b477d0fbe9455d26422ad102c60a8a.jpg,237.0,208.0,201.0,26.0,42.0,237.0,216.0,143.0,120.0,218.0,137.0,136.0,97.0,79.0,80.0
summer15.jpg,217.0,173.0,157.0,8.0,73.0,217.0,185.0,151.0,112.0,189.0,142.0,143.0,20.0,25.0,26.0
img51_jpg.rf.f91ebd034d54aa89d2ccb3d33eae745f.jpg,224.0,194.0,184.0,8.0,48.0,224.0,202.0,144.0,118.0,205.0,137.0,137.0,66.0,49.0,45.0
img8_jpg.rf.56db006bedcdccb4ee0f73799f381404.jpg,252.0,232.0,222.0,20.0,31.0,252.0,237.0,139.0,120.0,238.0,133.0,136.0,139.0,127.0,127.0
img33_jpg.rf.39f46b9d7cd818664be21f831b00bb18.jpg,247.0,230.0,217.0,19.0,32.0,247.0,234.0,137.0,119.0,235.0,132.0,137.0,109.0,77.0,70.0
img30_jpg.rf.3c0db312f999ee4c41964f1127693d14.jpg,159.0,112.0,101.0,10.0,98.0,159.0,125.0,152.0,114.0,131.0,145.0,142.0,18.0,10.0,11.0
img56_jpg.rf.9e1a61e7a48f950d0fc776b7c2221252.jpg,176.0,137.0,124.0,8.0,86.0,176.0,147.0,149.0,115.0,153.0,141.0,141.0,64.0,36.0,26.0
winter2.jpg,168.0,140.0,136.0,25.0,51.0,168.0,148.0,142.0,121.0,154.0,138.0,134.0,30.0,26.0,27.0
